0.0,0.0,0.0,0.0,0.0,0.0,0.0
-364.0,80.0,16452.0,-14.0,-15.0,-4.0,9.0
-308.0,128.0,16428.0,20.0,3.0,12.0,12.0
-264.0,128.0,16500.0,15.0,-34.0,4.0,15.0
-284.0,108.0,16544.0,-28.0,-10.0,-47.0,18.0
-320.0,100.0,16500.0,-1.0,-7.0,-9.0,21.0
-340.0,168.0,16372.0,-32.0,-25.0,-6.0,24.0
-372.0,212.0,16496.0,-16.0,-1.0,16.0,27.0
-260.0,136.0,16536.0,12.0,-25.0,-34.0,30.0
-312.0,108.0,16488.0,18.0,-38.0,-9.0,33.0
-268.0,152.0,16536.0,-27.0,3.0,-12.0,36.0
-328.0,136.0,16500.0,-8.0,-33.0,5.0,39.0
-324.0,148.0,16608.0,-41.0,-10.0,12.0,43.0
-212.0,88.0,16572.0,-1.0,-23.0,-22.0,46.0
-288.0,152.0,16552.0,6.0,3.0,-6.0,49.0
-276.0,160.0,16488.0,9.0,-40.0,24.0,52.0
-308.0,188.0,16504.0,6.0,18.0,-27.0,55.0
-304.0,120.0,16476.0,-4.0,-26.0,10.0,58.0
-300.0,64.0,16532.0,2.0,-11.0,-28.0,61.0
-320.0,112.0,16460.0,0.0,-20.0,-3.0,64.0
-308.0,140.0,16500.0,-6.0,-22.0,-23.0,67.0
-260.0,164.0,16512.0,-26.0,-36.0,-21.0,70.0
-324.0,132.0,16544.0,-8.0,22.0,0.0,73.0
-360.0,84.0,16660.0,-9.0,-4.0,29.0,76.0
-284.0,228.0,16592.0,24.0,-24.0,-11.0,79.0
-348.0,216.0,16528.0,-16.0,-49.0,-2.0,82.0
-360.0,96.0,16608.0,-15.0,1.0,9.0,86.0
-316.0,108.0,16528.0,-25.0,-11.0,1.0,89.0
-280.0,152.0,16548.0,-10.0,-8.0,2.0,92.0
-288.0,168.0,16552.0,1.0,-35.0,-10.0,95.0
-344.0,116.0,16604.0,6.0,4.0,7.0,98.0
-352.0,120.0,16496.0,14.0,1.0,15.0,101.0
-316.0,124.0,16508.0,-12.0,21.0,15.0,104.0
-316.0,148.0,16452.0,5.0,-34.0,-39.0,107.0
-292.0,128.0,16492.0,-15.0,-19.0,-20.0,110.0
-336.0,132.0,16528.0,-6.0,-25.0,26.0,113.0
-276.0,160.0,16588.0,-18.0,-30.0,-37.0,116.0
-364.0,152.0,16572.0,-16.0,-24.0,-5.0,119.0
-332.0,144.0,16512.0,-11.0,-16.0,7.0,122.0
-300.0,176.0,16436.0,20.0,-9.0,15.0,125.0
-344.0,140.0,16452.0,-7.0,-30.0,14.0,129.0
-252.0,140.0,16528.0,17.0,-9.0,-6.0,132.0
-316.0,160.0,16568.0,5.0,10.0,-33.0,135.0
-356.0,156.0,16508.0,-10.0,-37.0,5.0,138.0
-308.0,100.0,16476.0,-7.0,-8.0,5.0,141.0
-292.0,188.0,16520.0,10.0,-11.0,1.0,144.0
-268.0,188.0,16540.0,-7.0,-36.0,-14.0,147.0
-328.0,124.0,16464.0,-3.0,30.0,-31.0,150.0
-300.0,128.0,16516.0,-4.0,-14.0,13.0,153.0
-308.0,148.0,16608.0,-10.0,21.0,-17.0,156.0
-368.0,136.0,16424.0,22.0,-39.0,15.0,159.0
-332.0,164.0,16528.0,-17.0,-41.0,-29.0,163.0
-336.0,152.0,16500.0,-3.0,-7.0,-8.0,166.0
-276.0,176.0,16448.0,-7.0,-67.0,-15.0,169.0
-368.0,108.0,16528.0,16.0,-5.0,30.0,173.0
-292.0,188.0,16508.0,2.0,-23.0,-15.0,176.0
-324.0,156.0,16548.0,4.0,-10.0,0.0,179.0
-280.0,124.0,16556.0,-31.0,-10.0,18.0,182.0
-368.0,112.0,16504.0,-15.0,-24.0,-13.0,185.0
-252.0,100.0,16456.0,-9.0,1.0,4.0,188.0
-308.0,100.0,16524.0,13.0,-17.0,-7.0,191.0
-364.0,104.0,16480.0,3.0,-40.0,-21.0,194.0
-328.0,116.0,16488.0,26.0,-35.0,-5.0,197.0
-208.0,128.0,16468.0,-41.0,10.0,33.0,200.0
-324.0,104.0,16528.0,-25.0,0.0,-31.0,203.0
-336.0,80.0,16504.0,8.0,-20.0,44.0,206.0
-332.0,92.0,16520.0,-15.0,-6.0,-31.0,209.0
-340.0,132.0,16456.0,-23.0,-14.0,-20.0,212.0
-360.0,136.0,16504.0,-7.0,-11.0,-3.0,216.0
-384.0,148.0,16528.0,-1.0,29.0,20.0,219.0
-248.0,132.0,16420.0,-7.0,-61.0,-24.0,222.0
-312.0,88.0,16576.0,6.0,29.0,6.0,225.0
-304.0,36.0,16440.0,-8.0,-14.0,6.0,228.0
-308.0,112.0,16484.0,3.0,-14.0,2.0,231.0
-320.0,84.0,16552.0,-16.0,6.0,-19.0,234.0
-356.0,92.0,16428.0,-1.0,-17.0,29.0,237.0
-332.0,148.0,16512.0,10.0,20.0,9.0,240.0
-392.0,136.0,16544.0,-7.0,-20.0,15.0,243.0
-336.0,112.0,16456.0,-10.0,-2.0,-9.0,246.0
-348.0,116.0,16436.0,23.0,-3.0,7.0,249.0
-352.0,136.0,16528.0,1.0,-29.0,-6.0,252.0
-328.0,116.0,16496.0,-9.0,0.0,1.0,256.0
-332.0,184.0,16472.0,13.0,14.0,22.0,259.0
-332.0,120.0,16624.0,-16.0,-31.0,5.0,262.0
-296.0,144.0,16464.0,-21.0,-43.0,9.0,265.0
-324.0,92.0,16476.0,22.0,-26.0,50.0,268.0
-316.0,116.0,16424.0,-11.0,-15.0,-15.0,271.0
-324.0,124.0,16612.0,7.0,-12.0,-21.0,274.0
-380.0,124.0,16532.0,12.0,-33.0,29.0,277.0
-308.0,176.0,16524.0,-17.0,4.0,-5.0,280.0
-308.0,140.0,16508.0,8.0,-12.0,-5.0,283.0
-320.0,132.0,16452.0,8.0,-12.0,-17.0,286.0
-352.0,96.0,16484.0,11.0,-14.0,-15.0,289.0
-312.0,132.0,16484.0,-7.0,-18.0,-8.0,292.0
-320.0,120.0,16564.0,20.0,-33.0,-12.0,296.0
-324.0,140.0,16524.0,-12.0,-32.0,-28.0,300.0
-364.0,64.0,16492.0,-9.0,35.0,-17.0,303.0
-320.0,112.0,16484.0,-5.0,-25.0,-10.0,306.0
-336.0,132.0,16520.0,-23.0,14.0,12.0,309.0
-280.0,112.0,16548.0,10.0,-46.0,3.0,312.0
-260.0,104.0,16568.0,5.0,-13.0,-1.0,315.0
-404.0,144.0,16468.0,13.0,-12.0,6.0,318.0
-304.0,120.0,16460.0,13.0,-12.0,-24.0,321.0
-284.0,112.0,16360.0,-14.0,-22.0,12.0,324.0
-324.0,92.0,16452.0,26.0,-20.0,1.0,327.0
-316.0,92.0,16544.0,3.0,3.0,0.0,330.0
-292.0,116.0,16504.0,13.0,-12.0,10.0,333.0
-288.0,96.0,16440.0,-25.0,-16.0,11.0,336.0
-348.0,92.0,16496.0,3.0,10.0,-44.0,339.0
-328.0,112.0,16544.0,12.0,1.0,-11.0,343.0
-296.0,136.0,16520.0,-28.0,-21.0,3.0,346.0
-320.0,136.0,16412.0,17.0,0.0,-7.0,349.0
-276.0,188.0,16492.0,10.0,-24.0,-15.0,352.0
-344.0,152.0,16432.0,-11.0,7.0,-16.0,355.0
-296.0,104.0,16400.0,14.0,-23.0,-10.0,358.0
-336.0,192.0,16564.0,-7.0,-6.0,-11.0,361.0
-292.0,132.0,16504.0,10.0,-5.0,-14.0,364.0
-328.0,108.0,16508.0,12.0,4.0,17.0,367.0
-296.0,168.0,16504.0,-11.0,16.0,0.0,370.0
-288.0,52.0,16608.0,26.0,-43.0,-26.0,373.0
-360.0,152.0,16568.0,-8.0,-42.0,5.0,376.0
-288.0,100.0,16576.0,-7.0,20.0,2.0,379.0
-336.0,132.0,16504.0,-1.0,-27.0,-13.0,382.0
-280.0,144.0,16540.0,-5.0,-45.0,-16.0,386.0
-328.0,132.0,16480.0,-13.0,9.0,-12.0,390.0
-264.0,124.0,16548.0,3.0,8.0,33.0,393.0
-272.0,196.0,16632.0,17.0,-24.0,-3.0,396.0
-276.0,80.0,16508.0,-9.0,-12.0,8.0,398.0
-348.0,76.0,16404.0,28.0,-3.0,8.0,401.0
-316.0,156.0,16456.0,-56.0,-31.0,8.0,404.0
-336.0,192.0,16564.0,14.0,2.0,-4.0,407.0
-372.0,180.0,16560.0,2.0,9.0,1.0,410.0
-296.0,160.0,16488.0,-6.0,-15.0,9.0,413.0
-304.0,136.0,16456.0,-1.0,-7.0,6.0,416.0
-316.0,72.0,16624.0,4.0,2.0,-15.0,419.0
-336.0,156.0,16592.0,2.0,-11.0,-25.0,422.0
-252.0,140.0,16428.0,-5.0,-10.0,5.0,425.0
-368.0,164.0,16484.0,3.0,-17.0,18.0,429.0
-348.0,136.0,16492.0,17.0,-30.0,-6.0,432.0
-292.0,104.0,16500.0,-23.0,15.0,-28.0,435.0
-324.0,128.0,16520.0,-2.0,-22.0,33.0,439.0
-284.0,128.0,16524.0,-8.0,-1.0,-21.0,442.0
-332.0,144.0,16496.0,5.0,-14.0,-17.0,445.0
-292.0,156.0,16544.0,-24.0,-37.0,1.0,448.0
-348.0,116.0,16560.0,13.0,14.0,-39.0,451.0
-312.0,124.0,16384.0,13.0,-33.0,24.0,454.0
-324.0,156.0,16500.0,6.0,10.0,31.0,457.0
-316.0,116.0,16508.0,15.0,-22.0,14.0,460.0
-396.0,152.0,16492.0,-12.0,-34.0,5.0,463.0
-336.0,36.0,16556.0,-4.0,-25.0,-27.0,466.0
-296.0,96.0,16444.0,8.0,-5.0,-3.0,470.0
-316.0,140.0,16476.0,4.0,-23.0,-25.0,473.0
-320.0,128.0,16500.0,-3.0,-7.0,30.0,476.0
-336.0,40.0,16508.0,3.0,-11.0,-2.0,479.0
-244.0,156.0,16292.0,-10.0,-1.0,-26.0,482.0
-264.0,144.0,16584.0,-10.0,18.0,-5.0,485.0
-324.0,176.0,16468.0,-12.0,10.0,-2.0,488.0
-336.0,88.0,16556.0,37.0,-32.0,6.0,491.0
-280.0,144.0,16540.0,13.0,-11.0,14.0,494.0
-300.0,176.0,16508.0,-2.0,-34.0,-3.0,497.0
-380.0,128.0,16540.0,16.0,-7.0,-4.0,500.0
-364.0,128.0,16640.0,-6.0,-6.0,-2.0,503.0
-296.0,76.0,16536.0,-33.0,-4.0,-31.0,506.0
-312.0,124.0,16692.0,4.0,7.0,-21.0,509.0
-296.0,144.0,16556.0,6.0,5.0,-11.0,513.0
-320.0,100.0,16560.0,-15.0,-31.0,-7.0,516.0
-320.0,124.0,16480.0,-5.0,-8.0,12.0,519.0
-364.0,144.0,16476.0,-4.0,-11.0,1.0,522.0
-324.0,200.0,16412.0,-3.0,6.0,5.0,525.0
-284.0,68.0,16452.0,-6.0,-14.0,-41.0,528.0
-336.0,76.0,16444.0,2.0,-20.0,25.0,531.0
-320.0,108.0,16556.0,2.0,-25.0,9.0,534.0
-348.0,136.0,16476.0,-9.0,14.0,-50.0,537.0
-344.0,176.0,16520.0,-11.0,-3.0,28.0,540.0
-368.0,108.0,16544.0,-5.0,2.0,-23.0,543.0
-292.0,120.0,16484.0,19.0,-16.0,1.0,546.0
-372.0,124.0,16548.0,25.0,0.0,-11.0,549.0
-324.0,136.0,16540.0,-20.0,4.0,18.0,552.0
-296.0,80.0,16472.0,-19.0,4.0,-8.0,556.0
-384.0,96.0,16564.0,15.0,-24.0,5.0,559.0
-308.0,84.0,16528.0,9.0,4.0,1.0,562.0
-336.0,104.0,16500.0,-11.0,-22.0,-9.0,565.0
-260.0,112.0,16416.0,8.0,-10.0,17.0,568.0
-328.0,144.0,16456.0,15.0,-25.0,1.0,571.0
-344.0,100.0,16544.0,-35.0,31.0,3.0,574.0
-320.0,120.0,16408.0,44.0,-3.0,4.0,577.0
-300.0,108.0,16516.0,23.0,-28.0,-34.0,580.0
-296.0,84.0,16568.0,-2.0,-39.0,-14.0,583.0
-320.0,80.0,16420.0,-17.0,-11.0,1.0,586.0
-328.0,112.0,16504.0,-13.0,-23.0,-16.0,589.0
-260.0,140.0,16540.0,-11.0,12.0,-4.0,592.0
-308.0,156.0,16528.0,18.0,7.0,14.0,595.0
-316.0,132.0,16484.0,-20.0,-16.0,8.0,599.0
-328.0,60.0,16456.0,-19.0,-2.0,0.0,602.0
-320.0,112.0,16488.0,19.0,4.0,-23.0,605.0
-284.0,128.0,16540.0,25.0,-26.0,-14.0,608.0
-280.0,180.0,16520.0,-5.0,-15.0,26.0,611.0
-360.0,160.0,16424.0,-39.0,-2.0,-16.0,614.0
-312.0,164.0,16496.0,-8.0,-17.0,30.0,617.0
-280.0,136.0,16528.0,-7.0,-28.0,-8.0,620.0
-288.0,160.0,16496.0,3.0,-1.0,-13.0,623.0
-320.0,124.0,16580.0,-20.0,-23.0,19.0,626.0
-272.0,72.0,16512.0,-13.0,-21.0,-23.0,630.0
-336.0,132.0,16468.0,-19.0,-18.0,15.0,633.0
-340.0,144.0,16396.0,8.0,0.0,17.0,636.0
-264.0,148.0,16524.0,-44.0,-18.0,-2.0,640.0
-296.0,172.0,16480.0,-20.0,0.0,13.0,643.0
-328.0,164.0,16460.0,22.0,-22.0,-5.0,646.0
-312.0,136.0,16416.0,0.0,3.0,0.0,649.0
-368.0,176.0,16484.0,11.0,-20.0,9.0,652.0
-316.0,76.0,16488.0,3.0,-34.0,-20.0,655.0
-260.0,120.0,16520.0,-17.0,-1.0,-6.0,658.0
-336.0,120.0,16296.0,10.0,-10.0,4.0,661.0
-336.0,92.0,16452.0,10.0,-36.0,-19.0,664.0
-332.0,124.0,16524.0,-12.0,0.0,-5.0,667.0
-344.0,124.0,16432.0,-9.0,-37.0,-17.0,670.0
-300.0,192.0,16552.0,-24.0,3.0,-7.0,673.0
-348.0,128.0,16536.0,-27.0,-14.0,-26.0,676.0
-332.0,148.0,16536.0,13.0,-14.0,19.0,679.0
-344.0,176.0,16500.0,-1.0,-23.0,19.0,683.0
-384.0,124.0,16508.0,-8.0,-8.0,-16.0,686.0
-336.0,116.0,16512.0,18.0,-14.0,20.0,689.0
-292.0,168.0,16496.0,-23.0,-42.0,-13.0,692.0
-332.0,112.0,16508.0,11.0,-8.0,7.0,695.0
-304.0,116.0,16588.0,0.0,-15.0,8.0,698.0
-340.0,156.0,16588.0,-4.0,-16.0,7.0,701.0
-324.0,156.0,16564.0,-4.0,5.0,13.0,704.0
-336.0,132.0,16568.0,15.0,-14.0,15.0,707.0
-324.0,132.0,16612.0,-7.0,23.0,-35.0,710.0
-360.0,132.0,16436.0,-15.0,-42.0,5.0,713.0
-324.0,116.0,16508.0,-7.0,17.0,8.0,716.0
-300.0,128.0,16480.0,-16.0,-8.0,29.0,719.0
-312.0,156.0,16516.0,16.0,-14.0,-8.0,722.0
-276.0,160.0,16612.0,-4.0,16.0,4.0,726.0
-296.0,132.0,16560.0,-7.0,-46.0,-15.0,729.0
-324.0,212.0,16512.0,-31.0,20.0,6.0,732.0
-292.0,124.0,16596.0,13.0,-27.0,-19.0,736.0
-368.0,140.0,16500.0,7.0,4.0,14.0,739.0
-320.0,124.0,16512.0,-22.0,-10.0,-7.0,742.0
-328.0,100.0,16504.0,42.0,11.0,17.0,745.0
-316.0,148.0,16548.0,-4.0,-20.0,-23.0,748.0
-272.0,132.0,16548.0,-11.0,-5.0,21.0,751.0
-336.0,108.0,16488.0,-14.0,6.0,-10.0,754.0
-328.0,76.0,16504.0,12.0,-12.0,-7.0,757.0
-304.0,176.0,16436.0,21.0,-18.0,-10.0,760.0
-300.0,112.0,16516.0,-24.0,-18.0,-16.0,763.0
-352.0,132.0,16544.0,6.0,-20.0,-23.0,766.0
-332.0,104.0,16524.0,0.0,-26.0,3.0,770.0
-328.0,96.0,16540.0,-16.0,24.0,-7.0,773.0
-304.0,96.0,16596.0,-20.0,-13.0,-4.0,776.0
-332.0,88.0,16572.0,22.0,-21.0,-8.0,779.0
-268.0,72.0,16524.0,-19.0,-9.0,-8.0,782.0
-344.0,92.0,16476.0,7.0,3.0,-31.0,785.0
-316.0,108.0,16592.0,11.0,-22.0,-1.0,788.0
-288.0,140.0,16488.0,-6.0,-45.0,-30.0,791.0
-300.0,164.0,16472.0,6.0,9.0,-13.0,794.0
-312.0,204.0,16460.0,14.0,-15.0,20.0,797.0
-360.0,100.0,16456.0,-3.0,-17.0,-20.0,800.0
-324.0,152.0,16444.0,5.0,-5.0,-3.0,803.0
-340.0,88.0,16460.0,13.0,-17.0,-25.0,806.0
-280.0,148.0,16504.0,-25.0,-15.0,-15.0,809.0
-324.0,156.0,16520.0,-6.0,-20.0,53.0,813.0
-320.0,68.0,16424.0,-18.0,-44.0,23.0,816.0
-348.0,172.0,16508.0,-3.0,14.0,-17.0,819.0
-304.0,132.0,16456.0,-23.0,-13.0,3.0,822.0
-292.0,152.0,16572.0,18.0,-8.0,-31.0,825.0
-312.0,192.0,16416.0,-18.0,-18.0,9.0,828.0
-332.0,172.0,16476.0,16.0,-16.0,11.0,831.0
-328.0,120.0,16520.0,-8.0,-16.0,-14.0,834.0
-272.0,164.0,16404.0,1.0,-28.0,7.0,837.0
-276.0,132.0,16492.0,-2.0,-21.0,-47.0,841.0
-376.0,148.0,16560.0,-16.0,6.0,51.0,844.0
-324.0,136.0,16404.0,13.0,-22.0,-2.0,847.0
-276.0,128.0,16520.0,-6.0,-17.0,-18.0,850.0
-260.0,116.0,16560.0,-20.0,20.0,8.0,854.0
-316.0,124.0,16504.0,0.0,-23.0,-7.0,857.0
-280.0,188.0,16468.0,10.0,-15.0,-7.0,860.0
-324.0,92.0,16496.0,-6.0,5.0,-1.0,863.0
-296.0,68.0,16500.0,3.0,7.0,4.0,865.0
-356.0,152.0,16528.0,-34.0,-22.0,-34.0,869.0
-288.0,80.0,16520.0,-7.0,-44.0,32.0,872.0
-368.0,124.0,16516.0,12.0,-4.0,2.0,875.0
-288.0,140.0,16468.0,-24.0,-5.0,-16.0,878.0
-312.0,124.0,16500.0,-3.0,-3.0,-24.0,881.0
-364.0,164.0,16480.0,-4.0,22.0,-1.0,884.0
-336.0,168.0,16476.0,-16.0,-36.0,-3.0,887.0
-336.0,148.0,16468.0,10.0,-1.0,10.0,890.0
-344.0,92.0,16548.0,9.0,-21.0,-12.0,893.0
-356.0,96.0,16436.0,-9.0,1.0,5.0,897.0
-332.0,164.0,16528.0,-23.0,-29.0,26.0,900.0
-348.0,148.0,16436.0,-3.0,-42.0,-2.0,903.0
-300.0,116.0,16488.0,2.0,-12.0,-1.0,906.0
-308.0,156.0,16496.0,-5.0,-22.0,14.0,909.0
-328.0,84.0,16464.0,17.0,-1.0,-29.0,912.0
-300.0,120.0,16516.0,-3.0,-14.0,-12.0,915.0
-292.0,64.0,16540.0,-10.0,-9.0,6.0,918.0
-388.0,88.0,16476.0,-1.0,1.0,-3.0,921.0
-312.0,60.0,16460.0,-4.0,14.0,-21.0,924.0
-364.0,128.0,16516.0,-12.0,-8.0,-11.0,927.0
-256.0,88.0,16500.0,-11.0,20.0,10.0,930.0
-300.0,112.0,16488.0,-7.0,-33.0,-4.0,933.0
-312.0,160.0,16468.0,32.0,14.0,1.0,936.0
-344.0,144.0,16460.0,-21.0,-36.0,16.0,940.0
-340.0,96.0,16500.0,-9.0,-27.0,-3.0,943.0
-236.0,144.0,16604.0,-11.0,-30.0,-17.0,946.0
-360.0,152.0,16456.0,-22.0,-18.0,-13.0,949.0
-268.0,160.0,16596.0,7.0,-30.0,26.0,952.0
-300.0,144.0,16588.0,18.0,-14.0,-16.0,955.0
-300.0,132.0,16348.0,33.0,-4.0,5.0,958.0
-288.0,188.0,16500.0,20.0,3.0,-12.0,961.0
-320.0,124.0,16500.0,-14.0,-15.0,-7.0,964.0
-324.0,52.0,16632.0,0.0,-7.0,18.0,967.0
-296.0,136.0,16460.0,-19.0,-12.0,-16.0,970.0
-284.0,112.0,16520.0,10.0,-25.0,17.0,973.0
-320.0,120.0,16600.0,17.0,-47.0,16.0,976.0
-304.0,180.0,16536.0,-21.0,2.0,-8.0,979.0
-300.0,80.0,16496.0,-10.0,-13.0,5.0,983.0
-308.0,156.0,16468.0,8.0,-4.0,3.0,986.0
-360.0,168.0,16512.0,-27.0,-29.0,10.0,989.0
-288.0,96.0,16476.0,17.0,-5.0,-5.0,992.0
-368.0,132.0,16512.0,0.0,-31.0,-9.0,995.0
-284.0,168.0,16440.0,9.0,-2.0,-12.0,998.0
-284.0,96.0,16508.0,-4.0,14.0,-17.0,1001.0
-276.0,76.0,16520.0,5.0,-21.0,-9.0,1004.0
-348.0,88.0,16472.0,-5.0,-28.0,-2.0,1007.0
-320.0,144.0,16548.0,0.0,1.0,22.0,1010.0
-328.0,112.0,16568.0,-43.0,27.0,-20.0,1013.0
-320.0,164.0,16488.0,3.0,7.0,23.0,1016.0
-404.0,156.0,16460.0,7.0,-30.0,-21.0,1019.0
-280.0,88.0,16520.0,-28.0,25.0,-9.0,1022.0
-356.0,120.0,16496.0,4.0,-1.0,-1.0,1026.0
-352.0,64.0,16484.0,8.0,-19.0,-9.0,1029.0
-320.0,96.0,16512.0,42.0,-13.0,-14.0,1033.0
-292.0,68.0,16548.0,11.0,-23.0,-25.0,1036.0
-348.0,92.0,16448.0,-50.0,6.0,0.0,1039.0
-300.0,132.0,16496.0,-24.0,16.0,6.0,1042.0
-296.0,156.0,16436.0,-20.0,7.0,-2.0,1045.0
-320.0,80.0,16428.0,0.0,-36.0,-9.0,1048.0
-232.0,176.0,16512.0,2.0,1.0,27.0,1051.0
-300.0,104.0,16492.0,-5.0,-20.0,-18.0,1054.0
-356.0,160.0,16440.0,3.0,-8.0,-15.0,1057.0
-316.0,188.0,16556.0,-26.0,-4.0,-11.0,1060.0
-364.0,44.0,16532.0,-5.0,0.0,3.0,1063.0
-324.0,108.0,16472.0,-18.0,-17.0,16.0,1067.0
-312.0,168.0,16464.0,19.0,-17.0,-2.0,1070.0
-296.0,152.0,16452.0,7.0,5.0,-4.0,1073.0
-292.0,108.0,16500.0,0.0,-34.0,10.0,1076.0
-264.0,124.0,16544.0,3.0,2.0,-6.0,1079.0
-268.0,96.0,16488.0,-12.0,3.0,-20.0,1082.0
-280.0,188.0,16408.0,-23.0,-14.0,4.0,1085.0
-328.0,176.0,16424.0,3.0,-9.0,-11.0,1088.0
-288.0,128.0,16416.0,-17.0,-19.0,-9.0,1091.0
-280.0,152.0,16508.0,12.0,0.0,25.0,1095.0
-304.0,128.0,16428.0,11.0,-52.0,5.0,1098.0
-272.0,100.0,16460.0,-11.0,-6.0,-12.0,1101.0
-276.0,96.0,16552.0,-4.0,-3.0,27.0,1104.0
-332.0,164.0,16524.0,3.0,-22.0,10.0,1107.0
-300.0,176.0,16508.0,-16.0,0.0,14.0,1111.0
-300.0,116.0,16532.0,19.0,8.0,-12.0,1114.0
-328.0,168.0,16488.0,-17.0,-20.0,-14.0,1117.0
-276.0,140.0,16468.0,6.0,-19.0,0.0,1120.0
-328.0,144.0,16520.0,-17.0,5.0,-1.0,1123.0
-308.0,128.0,16572.0,-5.0,-25.0,-27.0,1126.0
-320.0,112.0,16544.0,-27.0,-14.0,-7.0,1129.0
-260.0,84.0,16412.0,-3.0,-9.0,15.0,1132.0
-328.0,100.0,16624.0,-22.0,-42.0,-1.0,1135.0
-408.0,52.0,16496.0,-1.0,-5.0,13.0,1138.0
-356.0,132.0,16548.0,3.0,-7.0,-21.0,1142.0
-320.0,148.0,16612.0,-24.0,7.0,9.0,1145.0
-280.0,116.0,16548.0,-30.0,-5.0,-51.0,1148.0
-312.0,148.0,16400.0,-27.0,-38.0,-8.0,1152.0
-276.0,168.0,16440.0,-12.0,-12.0,12.0,1155.0
-372.0,72.0,16516.0,-8.0,-1.0,31.0,1158.0
-296.0,172.0,16448.0,3.0,-21.0,4.0,1161.0
-268.0,172.0,16472.0,-1.0,-9.0,-32.0,1164.0
-300.0,156.0,16512.0,-21.0,-22.0,-18.0,1167.0
-252.0,112.0,16592.0,1.0,-2.0,2.0,1170.0
-336.0,148.0,16408.0,-39.0,-9.0,4.0,1173.0
-292.0,156.0,16600.0,1.0,-28.0,-3.0,1176.0
-300.0,160.0,16564.0,11.0,-23.0,-3.0,1179.0
-304.0,140.0,16540.0,-15.0,1.0,-16.0,1182.0
-260.0,108.0,16484.0,-3.0,12.0,11.0,1185.0
-280.0,136.0,16472.0,4.0,-23.0,1.0,1188.0
-296.0,156.0,16504.0,6.0,-53.0,-24.0,1192.0
-296.0,144.0,16556.0,1.0,-12.0,-27.0,1196.0
-308.0,188.0,16460.0,-5.0,-11.0,-5.0,1199.0
-356.0,112.0,16436.0,8.0,-22.0,9.0,1202.0
-336.0,92.0,16464.0,-16.0,-14.0,5.0,1205.0
-284.0,152.0,16432.0,-14.0,-15.0,41.0,1208.0
-248.0,136.0,16568.0,-17.0,-39.0,-16.0,1211.0
-328.0,176.0,16392.0,-14.0,-21.0,-5.0,1214.0
-360.0,188.0,16528.0,-11.0,-36.0,-18.0,1217.0
-364.0,128.0,16484.0,-15.0,-15.0,-30.0,1220.0
-344.0,96.0,16460.0,-7.0,-13.0,4.0,1223.0
-316.0,184.0,16464.0,-5.0,-27.0,-20.0,1227.0
-308.0,112.0,16468.0,-11.0,-6.0,25.0,1230.0
-332.0,124.0,16528.0,4.0,-32.0,-8.0,1233.0
-364.0,152.0,16544.0,7.0,-34.0,11.0,1236.0
-232.0,136.0,16572.0,7.0,16.0,-8.0,1240.0
-308.0,148.0,16444.0,24.0,-16.0,-23.0,1243.0
-332.0,156.0,16552.0,-5.0,-22.0,-37.0,1246.0
-348.0,104.0,16412.0,6.0,-20.0,12.0,1249.0
-284.0,116.0,16464.0,-18.0,11.0,-17.0,1252.0
-324.0,104.0,16508.0,-3.0,-33.0,34.0,1255.0
-336.0,180.0,16496.0,5.0,-27.0,-20.0,1258.0
-300.0,200.0,16544.0,11.0,-52.0,15.0,1262.0
-332.0,184.0,16556.0,-5.0,-19.0,19.0,1265.0
-280.0,132.0,16460.0,-19.0,2.0,-2.0,1268.0
-360.0,88.0,16496.0,-9.0,12.0,16.0,1271.0
-296.0,156.0,16560.0,-23.0,-35.0,3.0,1274.0
-308.0,208.0,16504.0,-18.0,-21.0,3.0,1277.0
-340.0,148.0,16480.0,11.0,-3.0,4.0,1281.0
-204.0,124.0,16468.0,-28.0,-53.0,2.0,1284.0
-340.0,208.0,16476.0,24.0,10.0,25.0,1287.0
-272.0,180.0,16504.0,17.0,-11.0,-4.0,1290.0
-308.0,176.0,16516.0,-17.0,-16.0,-16.0,1293.0
-368.0,168.0,16520.0,24.0,-18.0,-9.0,1296.0
-244.0,116.0,16576.0,-2.0,5.0,2.0,1299.0
-296.0,144.0,16476.0,-12.0,-49.0,-13.0,1303.0
-340.0,152.0,16564.0,-15.0,-43.0,-29.0,1306.0
-272.0,176.0,16540.0,-8.0,28.0,-19.0,1309.0
-320.0,116.0,16456.0,12.0,-17.0,14.0,1312.0
-344.0,140.0,16540.0,-16.0,37.0,4.0,1315.0
-356.0,136.0,16536.0,-10.0,-22.0,-18.0,1318.0
-316.0,116.0,16472.0,7.0,-26.0,23.0,1321.0
-308.0,100.0,16372.0,3.0,9.0,-3.0,1325.0
-308.0,144.0,16492.0,6.0,7.0,19.0,1328.0
-304.0,124.0,16552.0,-12.0,-39.0,21.0,1331.0
-368.0,184.0,16564.0,-1.0,-21.0,-6.0,1334.0
-308.0,116.0,16528.0,-2.0,4.0,-10.0,1337.0
-280.0,88.0,16484.0,-28.0,-29.0,-26.0,1341.0
-276.0,148.0,16532.0,-6.0,10.0,2.0,1344.0
-292.0,168.0,16412.0,-23.0,-70.0,-21.0,1347.0
-308.0,156.0,16536.0,-4.0,9.0,-13.0,1350.0
-388.0,108.0,16576.0,-1.0,-5.0,-9.0,1353.0
-368.0,140.0,16400.0,-13.0,-3.0,-32.0,1356.0
-332.0,148.0,16468.0,-11.0,-14.0,-14.0,1359.0
-316.0,100.0,16468.0,19.0,-8.0,8.0,1362.0
-328.0,144.0,16508.0,-14.0,-29.0,-25.0,1366.0
-312.0,124.0,16560.0,-7.0,9.0,-6.0,1369.0
-348.0,116.0,16608.0,-12.0,-7.0,-14.0,1372.0
-312.0,116.0,16412.0,20.0,-31.0,18.0,1375.0
-300.0,116.0,16456.0,-8.0,-9.0,11.0,1378.0
-328.0,168.0,16396.0,2.0,-14.0,-13.0,1382.0
-316.0,76.0,16468.0,-12.0,-18.0,11.0,1385.0
-308.0,180.0,16560.0,24.0,-17.0,15.0,1388.0
-316.0,144.0,16348.0,27.0,-22.0,-10.0,1391.0
-300.0,192.0,16428.0,24.0,-2.0,13.0,1394.0
-332.0,212.0,16464.0,-31.0,-12.0,10.0,1397.0
-332.0,84.0,16524.0,-7.0,-12.0,26.0,1400.0
-340.0,144.0,16584.0,-9.0,-8.0,-5.0,1403.0
-328.0,124.0,16440.0,-7.0,-24.0,-2.0,1406.0
-288.0,108.0,16568.0,-11.0,8.0,-2.0,1410.0
-384.0,148.0,16500.0,8.0,-35.0,-1.0,1413.0
-296.0,144.0,16360.0,-13.0,-1.0,-5.0,1416.0
-320.0,144.0,16508.0,-20.0,0.0,-12.0,1419.0
-288.0,124.0,16456.0,4.0,7.0,-13.0,1422.0
-364.0,68.0,16564.0,-18.0,-7.0,6.0,1425.0
-340.0,100.0,16564.0,19.0,-14.0,1.0,1429.0
-324.0,128.0,16472.0,7.0,-40.0,-11.0,1432.0
-340.0,124.0,16540.0,14.0,23.0,7.0,1435.0
-380.0,132.0,16484.0,-36.0,1.0,-1.0,1438.0
-288.0,156.0,16476.0,12.0,-25.0,-3.0,1441.0
-304.0,156.0,16508.0,-25.0,-14.0,-5.0,1444.0
-276.0,100.0,16520.0,8.0,6.0,7.0,1447.0
-320.0,116.0,16564.0,-13.0,6.0,-15.0,1451.0
-336.0,116.0,16532.0,10.0,-30.0,-36.0,1454.0
-308.0,100.0,16580.0,-30.0,27.0,1.0,1457.0
-360.0,140.0,16520.0,27.0,-16.0,20.0,1460.0
-356.0,52.0,16564.0,-34.0,-5.0,-2.0,1463.0
-368.0,112.0,16544.0,-7.0,-22.0,-7.0,1466.0
-300.0,108.0,16492.0,-1.0,-26.0,-6.0,1469.0
-312.0,152.0,16488.0,-3.0,15.0,-15.0,1473.0
-288.0,120.0,16480.0,-46.0,-17.0,-7.0,1476.0
-276.0,48.0,16532.0,-5.0,31.0,-10.0,1479.0
-316.0,108.0,16444.0,8.0,-4.0,-31.0,1482.0
-272.0,80.0,16540.0,-2.0,-6.0,5.0,1485.0
-340.0,136.0,16488.0,-11.0,18.0,-2.0,1488.0
-288.0,112.0,16528.0,23.0,13.0,2.0,1491.0
-352.0,140.0,16428.0,-1.0,9.0,5.0,1495.0
-308.0,88.0,16624.0,-19.0,5.0,26.0,1498.0
-336.0,112.0,16600.0,-19.0,-31.0,-12.0,1501.0
-316.0,72.0,16528.0,13.0,6.0,15.0,1504.0
-228.0,132.0,16528.0,-26.0,-11.0,-1.0,1507.0
-256.0,104.0,16412.0,-17.0,-20.0,14.0,1510.0
-376.0,156.0,16536.0,-26.0,-42.0,10.0,1513.0
-328.0,180.0,16544.0,-19.0,3.0,-14.0,1516.0
-332.0,136.0,16412.0,-2.0,9.0,27.0,1519.0
-320.0,172.0,16496.0,1.0,-4.0,19.0,1523.0
-348.0,128.0,16480.0,-9.0,-14.0,8.0,1526.0
-236.0,132.0,16576.0,-22.0,-8.0,28.0,1529.0
-288.0,52.0,16528.0,13.0,-2.0,-12.0,1532.0
-344.0,140.0,16504.0,-13.0,-20.0,12.0,1536.0
-296.0,76.0,16564.0,-11.0,-16.0,-25.0,1539.0
-320.0,144.0,16576.0,-27.0,-3.0,-35.0,1542.0
-296.0,100.0,16468.0,17.0,-1.0,22.0,1545.0
-320.0,88.0,16540.0,-9.0,15.0,-1.0,1548.0
-312.0,168.0,16492.0,4.0,10.0,24.0,1551.0
-344.0,116.0,16568.0,7.0,10.0,-3.0,1554.0
-324.0,80.0,16516.0,-4.0,-41.0,-17.0,1557.0
-272.0,140.0,16520.0,-7.0,-22.0,22.0,1560.0
-260.0,96.0,16372.0,-4.0,10.0,-42.0,1563.0
-252.0,176.0,16480.0,-5.0,-44.0,17.0,1566.0
-296.0,96.0,16512.0,-7.0,-22.0,-7.0,1569.0
-332.0,132.0,16520.0,16.0,8.0,-4.0,1573.0
-268.0,104.0,16512.0,5.0,-37.0,-8.0,1576.0
-280.0,152.0,16408.0,-7.0,11.0,-10.0,1580.0
-328.0,116.0,16484.0,-16.0,-1.0,11.0,1583.0
-276.0,92.0,16448.0,27.0,-21.0,-2.0,1586.0
-332.0,140.0,16504.0,-32.0,31.0,4.0,1589.0
-336.0,120.0,16520.0,1.0,4.0,10.0,1592.0
-340.0,148.0,16444.0,19.0,-40.0,-18.0,1595.0
-340.0,184.0,16536.0,-13.0,8.0,-20.0,1598.0
-352.0,124.0,16528.0,11.0,-19.0,-9.0,1601.0
-284.0,108.0,16612.0,-5.0,-9.0,-4.0,1604.0
-328.0,152.0,16492.0,-16.0,-6.0,-6.0,1607.0
-308.0,184.0,16512.0,18.0,-12.0,19.0,1610.0
-304.0,116.0,16496.0,9.0,-33.0,-6.0,1613.0
-300.0,108.0,16472.0,7.0,-39.0,29.0,1616.0
-324.0,120.0,16544.0,6.0,-3.0,-36.0,1619.0
-268.0,84.0,16556.0,-10.0,-11.0,10.0,1624.0
-288.0,92.0,16448.0,-10.0,-3.0,-13.0,1627.0
-256.0,116.0,16556.0,0.0,-46.0,-2.0,1630.0
-300.0,64.0,16512.0,-8.0,21.0,-13.0,1633.0
-236.0,96.0,16560.0,-19.0,-44.0,-30.0,1636.0
-316.0,96.0,16600.0,1.0,-18.0,-15.0,1639.0
-332.0,112.0,16524.0,-5.0,-9.0,16.0,1642.0
-336.0,144.0,16464.0,-26.0,-29.0,-8.0,1645.0
-308.0,180.0,16404.0,12.0,-15.0,-1.0,1648.0
-312.0,132.0,16660.0,-25.0,-52.0,4.0,1651.0
-356.0,144.0,16448.0,-24.0,10.0,-17.0,1654.0
-308.0,160.0,16384.0,3.0,-13.0,7.0,1657.0
-296.0,140.0,16568.0,14.0,-27.0,-17.0,1660.0
-300.0,112.0,16504.0,-5.0,13.0,21.0,1665.0
-332.0,124.0,16532.0,19.0,-32.0,-9.0,1668.0
-332.0,152.0,16488.0,-15.0,3.0,11.0,1671.0
-340.0,108.0,16524.0,9.0,-26.0,-3.0,1674.0
-316.0,100.0,16600.0,-41.0,-47.0,-2.0,1677.0
-300.0,108.0,16488.0,-22.0,-3.0,10.0,1680.0
-280.0,132.0,16440.0,17.0,-8.0,1.0,1683.0
-356.0,132.0,16444.0,-15.0,-25.0,-17.0,1686.0
-288.0,96.0,16484.0,23.0,1.0,0.0,1689.0
-324.0,164.0,16468.0,3.0,-3.0,-1.0,1692.0
-320.0,88.0,16460.0,10.0,-26.0,-12.0,1695.0
-284.0,96.0,16480.0,24.0,-5.0,19.0,1698.0
-372.0,144.0,16576.0,-3.0,-2.0,11.0,1701.0
-272.0,92.0,16516.0,-10.0,-8.0,-4.0,1704.0
-340.0,100.0,16492.0,16.0,29.0,-7.0,1708.0
-316.0,124.0,16496.0,-20.0,-4.0,10.0,1711.0
-324.0,108.0,16500.0,-12.0,-16.0,13.0,1715.0
-256.0,100.0,16524.0,2.0,-16.0,1.0,1718.0
-240.0,168.0,16520.0,-6.0,-27.0,-12.0,1721.0
-292.0,108.0,16488.0,1.0,-42.0,-9.0,1724.0
-340.0,136.0,16596.0,-16.0,-13.0,17.0,1727.0
-348.0,128.0,16396.0,-4.0,-27.0,1.0,1730.0
-320.0,136.0,16512.0,4.0,-20.0,-30.0,1733.0
-324.0,188.0,16532.0,-10.0,-8.0,-18.0,1736.0
-288.0,68.0,16448.0,13.0,-2.0,11.0,1739.0
-308.0,64.0,16380.0,4.0,-34.0,-10.0,1742.0
-272.0,120.0,16528.0,9.0,9.0,-21.0,1745.0
-296.0,148.0,16472.0,4.0,-45.0,-5.0,1748.0
-272.0,124.0,16544.0,-11.0,8.0,6.0,1752.0
-360.0,68.0,16588.0,-8.0,10.0,-21.0,1755.0
-316.0,136.0,16576.0,-14.0,-16.0,-3.0,1758.0
-316.0,156.0,16584.0,21.0,-20.0,18.0,1762.0
-312.0,92.0,16516.0,3.0,18.0,-35.0,1765.0
-376.0,164.0,16484.0,0.0,-34.0,-10.0,1768.0
-272.0,156.0,16436.0,-8.0,-25.0,-25.0,1771.0
-284.0,88.0,16456.0,3.0,26.0,6.0,1774.0
-288.0,120.0,16444.0,-10.0,-43.0,-12.0,1777.0
-276.0,128.0,16456.0,15.0,14.0,19.0,1780.0
-340.0,116.0,16452.0,2.0,10.0,5.0,1783.0
-328.0,152.0,16552.0,-26.0,-3.0,10.0,1786.0
-264.0,92.0,16548.0,-4.0,2.0,-5.0,1789.0
-328.0,112.0,16492.0,-9.0,-15.0,-2.0,1793.0
-368.0,100.0,16508.0,0.0,17.0,-12.0,1796.0
-332.0,128.0,16404.0,-8.0,-17.0,27.0,1799.0
-264.0,136.0,16460.0,16.0,-40.0,0.0,1802.0
-284.0,124.0,16644.0,6.0,-15.0,-27.0,1805.0
-308.0,176.0,16460.0,3.0,12.0,19.0,1809.0
-336.0,76.0,16508.0,-6.0,-11.0,-5.0,1812.0
-296.0,176.0,16488.0,4.0,13.0,-9.0,1815.0
-292.0,176.0,16532.0,0.0,-39.0,-17.0,1818.0
-320.0,100.0,16552.0,1.0,24.0,-16.0,1821.0
-348.0,128.0,16488.0,21.0,-28.0,-22.0,1824.0
-328.0,112.0,16408.0,-20.0,-27.0,-7.0,1827.0
-292.0,148.0,16504.0,25.0,-30.0,-8.0,1830.0
-324.0,168.0,16500.0,15.0,-19.0,6.0,1833.0
-276.0,184.0,16608.0,-32.0,10.0,14.0,1837.0
-296.0,156.0,16420.0,-6.0,0.0,-3.0,1840.0
-368.0,160.0,16524.0,-20.0,-14.0,17.0,1843.0
-316.0,148.0,16480.0,7.0,2.0,0.0,1846.0
-336.0,116.0,16436.0,-20.0,-26.0,-21.0,1850.0
-344.0,140.0,16472.0,11.0,2.0,12.0,1853.0
-400.0,92.0,16472.0,-36.0,-10.0,-1.0,1856.0
-336.0,152.0,16460.0,41.0,-7.0,-21.0,1859.0
-336.0,120.0,16620.0,-8.0,6.0,-20.0,1862.0
-296.0,120.0,16332.0,-26.0,-27.0,-6.0,1865.0
-332.0,104.0,16476.0,15.0,-27.0,-8.0,1868.0
-360.0,48.0,16548.0,0.0,-9.0,31.0,1871.0
-312.0,60.0,16492.0,5.0,-25.0,5.0,1874.0
-300.0,128.0,16576.0,-2.0,-14.0,-7.0,1878.0
-292.0,148.0,16580.0,-17.0,-2.0,24.0,1881.0
-252.0,120.0,16552.0,28.0,-7.0,-19.0,1884.0
-316.0,108.0,16560.0,-6.0,2.0,-12.0,1887.0
-376.0,192.0,16460.0,17.0,11.0,7.0,1890.0
-336.0,144.0,16508.0,-6.0,-39.0,-3.0,1893.0
-356.0,140.0,16528.0,-10.0,1.0,-22.0,1896.0
-312.0,132.0,16592.0,-15.0,-2.0,-13.0,1899.0
-280.0,156.0,16548.0,-26.0,-39.0,12.0,1903.0
-368.0,136.0,16512.0,12.0,-19.0,-7.0,1906.0
-284.0,160.0,16540.0,-3.0,-13.0,-6.0,1909.0
-400.0,172.0,16436.0,-23.0,-30.0,37.0,1912.0
-360.0,192.0,16580.0,3.0,-14.0,-6.0,1915.0
-356.0,96.0,16500.0,1.0,-56.0,17.0,1918.0
-304.0,144.0,16464.0,-5.0,-6.0,4.0,1922.0
-304.0,168.0,16520.0,-26.0,-33.0,2.0,1925.0
-328.0,88.0,16492.0,-4.0,5.0,-6.0,1928.0
-280.0,204.0,16512.0,4.0,-21.0,-8.0,1931.0
-344.0,132.0,16492.0,11.0,-4.0,-1.0,1934.0
-336.0,116.0,16520.0,-16.0,27.0,-6.0,1937.0
-348.0,112.0,16524.0,-10.0,-24.0,-2.0,1940.0
-352.0,132.0,16420.0,-12.0,-17.0,13.0,1943.0
-316.0,140.0,16460.0,7.0,-42.0,-14.0,1946.0
-360.0,72.0,16524.0,-7.0,-1.0,24.0,1949.0
-352.0,56.0,16468.0,14.0,-18.0,-2.0,1953.0
-336.0,104.0,16456.0,0.0,-1.0,7.0,1956.0
-336.0,120.0,16568.0,-23.0,-37.0,-22.0,1959.0
-296.0,144.0,16480.0,-14.0,-10.0,-25.0,1963.0
-304.0,192.0,16584.0,10.0,18.0,-21.0,1966.0
-348.0,148.0,16544.0,-22.0,10.0,-31.0,1969.0
-292.0,180.0,16512.0,0.0,-34.0,11.0,1972.0
-324.0,116.0,16560.0,-14.0,-24.0,29.0,1975.0
-308.0,112.0,16520.0,-15.0,-4.0,-7.0,1978.0
-348.0,112.0,16428.0,10.0,-5.0,-4.0,1981.0
-332.0,88.0,16456.0,11.0,-16.0,4.0,1984.0
-204.0,144.0,16480.0,10.0,-26.0,-7.0,1988.0
-320.0,96.0,16448.0,-1.0,-9.0,-10.0,1991.0
-296.0,180.0,16592.0,-7.0,9.0,10.0,1994.0
-344.0,96.0,16508.0,-13.0,-18.0,-2.0,1997.0
-308.0,96.0,16564.0,1.0,15.0,2.0,2000.0
