-0.02571165193410815,0.08766906519610798,0.0012867677215792563,0.03565060445915336,0.106
-0.0752694388172356,0.08685434939198558,0.005672600658212102,0.07024389081799498,0.106
-0.0677688471730843,0.08654324454646523,0.008489189977387897,0.10683798589265692,0.106
-0.08543478391429553,0.08756379793969601,0.01104555834622803,0.1424314381908296,0.106
-0.1947940178169059,0.08883410498341948,0.014028754275218993,0.17802489048900227,0.106
-0.19220906178051933,0.0875322685218731,0.017512343914045818,0.21261793842926435,0.106
-0.15905897572827554,0.08780350068085829,0.01993177549885737,0.24721074795094777,0.106
-0.20447967447189588,0.08831259899810695,0.022958651362592213,0.2818033190540521,0.106
-0.30524629928489344,0.08539420124902194,0.026262925429546842,0.3173974866079621,0.106
-0.3254461816091442,0.08007264201603298,0.029270078862138865,0.3519900577110664,0.106
-0.3216792657157145,0.07546523656844767,0.03188288076841862,0.3875839868463973,0.106
-0.3140512611876676,0.07041129908906396,0.03489796479522072,0.4231774391445695,0.106
-0.24177174675760532,0.061036604243734374,0.038708946056315925,0.45777072550341114,0.106
-0.20754327904034478,0.05579860249548045,0.040843987228058064,0.49236329660651545,0.106
-0.18293149478740772,0.05272021284687289,0.042472123793299475,0.527956510486109,0.106
-0.17747634720079905,0.04992801388997199,0.044034563769095834,0.5623948247685342,0.106
-0.19728260638541956,0.04612800099578219,0.045824072994965825,0.5979882770667069,0.106
-0.22231715236126404,0.042471578401967545,0.04748041352365768,0.6321278528695182,0.106
-0.21492965905978392,0.039130248173692206,0.048952252568047694,0.6676924565196196,0.106
-0.16030114623862365,0.03543655859437899,0.05053424126229167,0.7051028968091253,0.106
-0.09103264015724093,0.03197758234817274,0.052099544758437574,0.737665810548338,0.106
-0.0483409572852192,0.03060672071392726,0.053200492949392934,0.7712408111558364,0.106
-0.03800445650264492,0.031700582331528775,0.05384326561974585,0.8069520422320853,0.106
-0.04295712446320813,0.03395822146925152,0.054330725968780545,0.8414215893483732,0.106
-0.03726686908630518,0.040009364351458035,0.05604797038158477,0.8760170214744267,0.106
-0.08680889225667206,0.04268672725137043,0.05988512456771314,0.9106439248529217,0.106
-0.10762288135997258,0.043400257711364694,0.06158375886787819,0.945207170470796,0.106
-0.11571808611818155,0.04468007867291847,0.06269059167168363,0.9819617212491933,0.106
-0.13417470954835697,0.04541802448417981,0.06376425382645487,1.0151802860809354,0.106
-0.14460804217096926,0.04560639261582163,0.06492543638827081,1.0486825690218082,0.106
-0.1342377696713425,0.04639559147916141,0.06589298068510532,1.0833213933292583,0.106
-0.11561757139293072,0.04800030361841512,0.06668219968736186,1.1168787509619036,0.106
-0.0915348332209271,0.051086485576516155,0.06786648706787793,1.1525949888283136,0.106
-0.07755663390160399,0.054500713766502444,0.06922323801517795,1.18726385387673,0.106
-0.06953566202986175,0.057709472016316495,0.07106519083876046,1.2238589026257083,0.106
-0.10544721745716779,0.06391172516241014,0.07343384107781142,1.2591281056563028,0.106
-0.2043200927571095,0.07065902403809314,0.0756756732724597,1.2929513000046464,0.106
-0.17650069003853405,0.07655392526486068,0.07831328181590376,1.3302630350024036,0.106
-0.09817993422377233,0.0807124709872704,0.08113039979677676,1.3648255653645411,0.106
-0.052310331937810386,0.08303966938760568,0.08331686061562185,1.3964011877676943,0.106
-0.017829614981060716,0.08913695460843625,0.08762706881551868,1.4301128022210183,0.106
-0.04666988450938057,0.09469193520165534,0.09294693437911336,1.4666768565547135,0.106
-0.07231850236954038,0.09594091752110764,0.09728355546720563,1.5000875867612113,0.106
-0.10369534411117128,0.09681025707159964,0.10149842454053358,1.5366807281615564,0.106
-0.12493306510038019,0.0980942836805986,0.1047384430830157,1.571215363549939,0.106
-0.12344509684447627,0.1002858726983118,0.10694405101943089,1.6067775830142494,0.106
-0.10491456367620443,0.10322279673699053,0.10853161638314682,1.6403406626927932,0.106
-0.08145867792595143,0.10804836376306257,0.11081196098780188,1.67393211418225,0.106
-0.2092981532433745,0.11522453175446896,0.11444603357578302,1.708630543134475,0.106
-0.2714389549198779,0.1186561359942303,0.11867990458013852,1.7443548872325745,0.106
-0.2114864879648083,0.12239101456553987,0.12300350898093475,1.7776044464795997,0.106
-0.20442455003667687,0.1282761428438828,0.1270099429897809,1.8133254527175917,0.106
-0.26098169498341334,0.1304942945485451,0.1301757348006024,1.8337361714799978,0.106
-0.2757794624542041,0.1345012472488393,0.13380408808672048,1.8663174434498013,0.106
-0.15062589626080955,0.14317468770469866,0.13928919338678827,1.9010175413320805,0.106
-0.05757734048649024,0.1535399392823272,0.14450640292616695,1.9365807144707072,0.106
-0.11915213878211915,0.16212395954694614,0.14922984281040885,1.9701378336847726,0.106
-0.2446320952968445,0.1683752323099319,0.15464035691311928,2.004167260104039,0.106
-0.33784218575060654,0.17723705843373413,0.16088213048717104,2.0396994388273826,0.106
-0.35863670091848726,0.18747867065958768,0.16769115799964682,2.074686354260321,0.106
-0.28183196901452295,0.1975574275997265,0.1743125408280063,2.1082491955202856,0.106
-0.21335151119990878,0.20403483194996475,0.18093680360275402,2.141813467291725,0.106
-0.21613633270564755,0.20806948463270597,0.18779477557423646,2.1793817406805958,0.106
-0.2659619911032231,0.21889443759155433,0.1952334175191265,2.212952926590829,0.106
-0.18001030103757476,0.23515114012227523,0.2025683191552412,2.2475273778819216,0.04229999999999999
-0.16490282067639062,0.25752360867774005,0.2115933840565477,2.279657800318644,0.04229999999999999
-0.16781385274174174,0.28147978817940666,0.2214630487332145,2.3162552332534134,0.04229999999999999
-0.13358673206067176,0.30379296760536084,0.23074805492616376,2.3513565896043205,0.04229999999999999
-0.1549523190962269,0.33202395544616825,0.24246406849848912,2.385762002122829,0.04229999999999999
-0.1011443870787891,0.36247942803833294,0.2551494534141282,2.4199127835988583,0.04229999999999999
-0.08694317431580484,0.3914835404129337,0.26704395222887645,2.456064612209287,0.04229999999999999
-0.1511238834254079,0.42684012518751274,0.2820503640542959,2.4914656607141246,0.04229999999999999
-0.25620471103608594,0.46127363085851547,0.2983397139310991,2.525180136190398,0.04229999999999999
-0.31115782070274395,0.4906332642122148,0.3133785307361933,2.5615157855253137,0.106
-0.4106179771239122,0.5190053364337208,0.32944952309881287,2.59416,0.2334
-0.7702138226677976,0.5379398128161665,0.3481684633249064,2.628871780392655,0.5519000000000001
-2.034856067909789,0.5174402326386364,0.36911164849723144,2.663451476892488,1.0615
-4.374272327864775,0.4332943068302897,0.38368285731004775,2.6988475186071645,1.6985000000000003
-6.020474225557441,0.2956419948032675,0.3947969698463858,2.7334911112861957,2.4629000000000003
-3.9692909000285153,0.1541248659613527,0.4038913062078022,2.7561384347391535,3.2910000000000004
-2.2325585206426304,0.10052959175756657,0.40753660844653866,2.787696175748874,4.1191
-1.5848963716734528,0.07321354365024037,0.4096257691020053,2.82226705076128,4.9472000000000005
-1.0811505150821834,0.05680721882335963,0.4120517021011174,2.856668648582524,5.839
-1.128743133662608,0.06853053570357848,0.4146256836450667,2.8932543990069175,6.7308
-1.752022918171071,0.07240633417015774,0.4171874802730402,2.926828684358679,7.5589
-4.053913367551959,0.02463635311833765,0.41853179690213027,2.960408691756339,8.450700000000001
-11.527092108829121,-0.17467041991271137,0.4158320440506806,2.9960820142785107,9.342500000000001
-18.765841245115336,-0.6907215465672742,0.39916347671471886,3.030507930794823,10.1706
-20.486938545099807,-1.3681732842940546,0.36095511515964374,3.067214559438821,10.935
-19.727386929816223,-2.0106137679143448,0.30100680238847216,3.1018073689605044,11.6994
-15.914944534254905,-2.5976913777255604,0.22168986010836433,3.135400012542856,12.336400000000001
-6.871143669045989,-2.9343350509504664,0.13690276513009922,3.1699937757388557,12.782300000000001
2.2661687492343483,-3.0021226658525264,0.014578105572729089,3.203583558298259,13.100800000000001
0.7303152800782132,-2.9382185741389537,-0.11546781999798202,3.2381768446571004,13.291900000000002
-1.9436159175817056,-2.92577805722505,-0.2023402017299314,3.274598563099072,13.3556
-3.8276762236935635,-2.97777776434727,-0.2776980729604699,3.310017254578763,13.3556
-1.3055224898427271,-3.0772191299038325,-0.37707553798635574,3.343730537962141,13.3556
0.8633197678597485,-3.1310964645450845,-0.48775288057550753,3.376292259608458,13.3556
1.1461678419154753,-3.1534349001822313,-0.607962256252611,3.4137401316148828,13.3556
4.5280217997844145,-3.1060088329937354,-0.7241633744120214,3.4464387055256034,13.3556
7.002013461882906,-2.9882076895110345,-0.8198739453703373,3.48200187866423,13.3556
14.363995347678776,-2.726671974691557,-0.9141490360032231,3.515591184386475,13.3556
19.87350642524713,-2.287431028435281,-0.9934347167174532,3.5499732318842327,13.3556
22.56559508635791,-1.8223505403773634,-1.0478876386293998,3.5715128626186847,13.3556
25.253924851967845,-1.1710897414268886,-1.0947073541656032,3.606103049535998,13.3556
25.456008277537546,-0.3522901768626257,-1.1242772566241654,3.6396563540527986,13.3556
20.169327248575758,0.2455637862127856,-1.1263428892269658,3.6742365273897897,13.3556
14.808235632874394,0.603848967339712,-1.1160040155029942,3.6959454353154038,13.3556
9.244122124158194,0.8131987193416025,-1.0977590294664932,3.728551979654592,13.3556
3.6677051708629325,0.9075873236211083,-1.0664291004617046,3.764918146567633,13.3556
1.8235402530143583,0.8795199450415891,-1.0338238534919437,3.8004875185893163,13.3556
1.5469894590502609,0.8353915548668043,-1.011256518263512,3.8200649644177616,13.3556
1.5888892623306967,0.7895706267489316,-0.9899014135824252,3.8526498126662516,13.3556
1.5731333061191588,0.7378489489472088,-0.9656365642491028,3.887757129481636,13.3556
1.425535354077545,0.6912385893039716,-0.9407004970054628,3.9199743362811517,13.3556
1.3707899359395077,0.6653044848395817,-0.9144435163509657,3.9552981371663605,13.3556
1.4055717021871974,0.6304169753081471,-0.894390615721122,3.9898642438071845,13.3556
1.5837619738147601,0.5873387528378765,-0.8748139635568535,4.02558453478944,13.3556
1.6750745635759006,0.544726203351003,-0.8539680162417922,4.060149449337368,13.3556
1.4951278111473552,0.5093297236745018,-0.8372556720487476,4.082559307885541,13.3556
1.3537500175610286,0.4774472527031617,-0.8243203570819974,4.114138983404537,13.3556
1.5792975911798048,0.4419141860041065,-0.8099235552829801,4.148687208651928,13.3556
1.8356547705970658,0.4156655694277471,-0.7964574029811119,4.183830049835599,13.3556
1.8263704609090403,0.39220280732866647,-0.7816439390592402,4.217974155591413,13.3556
1.5966263753082635,0.36670340459891276,-0.7677312884865245,4.253568323145323,13.3556
1.5049076663312442,0.3375558581287548,-0.7547871360183455,4.291102025840225,13.3556
1.5606677311182826,0.3097394469324086,-0.7428333813792364,4.322667157825897,13.3556
1.5062873656500904,0.28747435896659174,-0.733398417830176,4.355234124680955,13.3556
1.418184359961403,0.2643100388413895,-0.7246802312862375,4.392798821791139,13.3556
1.4722321982652458,0.24190988009189227,-0.7166952767030814,4.424201590724444,13.3556
1.6779007621099746,0.22443325704197878,-0.7093450386310329,4.447774216682895,13.3556
1.8759578328163056,0.21466645860349956,-0.7023837504980505,4.480364786977283,13.3556
2.211138436159617,0.21360052134411647,-0.6956275924784031,4.513950993258,13.3556
2.597045277635653,0.2235982859911921,-0.688821522240274,4.550458780807027,13.3556
2.191151684017704,0.2325358511495279,-0.6828919144934222,4.572030836468237,13.3556
1.6142880028478852,0.22878730950828094,-0.6756551422719299,4.604621168344046,13.3556
1.4207408985594627,0.21299662829963928,-0.6675567424426049,4.6372043476624825,13.3556
1.4334413917086686,0.19740213865289444,-0.6611425424941534,4.670875430957359,13.3556
1.423104352441723,0.18259076196348886,-0.6551966863314125,4.706140819290688,13.3556
1.422708415406917,0.1662652342412888,-0.6488086745094861,4.7408506923347105,13.3556
1.4264387557976608,0.15140194533491938,-0.6429441319054873,4.776437230494089,13.3556
1.3281562151291286,0.13796803190907939,-0.6383617151680299,4.812983641852931,13.3556
1.462953939651146,0.12382817979430662,-0.633532713479124,4.846543145252788,13.3556
1.5291623977961262,0.11421770041867958,-0.6291282557850879,4.882265582002253,13.3556
1.4810189119316386,0.10718561098985009,-0.6255907327514286,4.916121439695933,13.228200000000001
1.7340311698347897,0.10299026484807727,-0.6222544900741999,4.948391098582851,13.0371
1.6552716639242429,0.10213982013598599,-0.618490096402589,4.983799061226483,12.7186
1.5187756242322201,0.0975913523138938,-0.614812630459099,5.020366215001706,12.400100000000002
1.537599090191281,0.09251919525881441,-0.6118251497214087,5.052925314043653,11.954200000000002
1.7004219872036972,0.09001803087986521,-0.6084993790762597,5.087502387939116,11.5083
1.6876867656196053,0.09116851017226567,-0.6051833076557209,5.122213929913192,10.998700000000001
1.777061853182744,0.09329963128466744,-0.6022908217730801,5.1567790828797,10.298
1.6520557404662783,0.09708171991052454,-0.5987771601828713,5.192343686529801,9.5973
1.6862724342145528,0.0986866582314929,-0.5951590058731232,5.226909793170625,8.769200000000001
2.2316015525798685,0.11102673130169755,-0.5918112720892562,5.261473515625658,7.877400000000001
4.070489864327302,0.17195432210031913,-0.5864696543177579,5.29891161247034,6.985600000000001
9.499264355731478,0.35670500578569425,-0.5767956077661283,5.330444557947834,6.093800000000001
12.278196820950207,0.6508348638549811,-0.5606588929613695,5.365030453330723,5.1383
10.226191218588617,0.9643848060333431,-0.5346620087030225,5.400619852513051,4.1828
7.4353694534152135,1.1670212860492784,-0.5066429627389735,5.421298315339788,3.3547000000000002
4.776219374733999,1.2978501053215663,-0.473727265350352,5.456702224867575,2.5266
1.687218228799668,1.3791203807507202,-0.43042623802237573,5.489287311534644,1.5711000000000002
4.119843699429722,1.4509086416299464,-0.3837977146647435,5.521830674950371,0.6156
9.819597077561447,1.713938771786526,-0.3219707734080386,5.556402503637093,-0.27620000000000006
10.3000486693941,2.0449433358084184,-0.2557882789666397,5.5939688696773295,-1.168
6.454368827094952,2.328146498294512,-0.1831177766095441,5.627685252502236,-1.9961
7.406934563703992,2.532662058825281,-0.11447752420991275,5.649252539791863,-2.8242000000000003
5.691189820258544,2.717232425209788,-0.04395185613368809,5.6808117113130585,-3.5886000000000005
-1.4521132301183883,2.798254566096167,0.04667083521450485,5.716626416052637,-4.353000000000001
2.2697447534437405,2.7780789859749913,0.15783106463246407,5.7522279745825,-4.99
-11.325368681449465,2.517119725134292,0.2818379830195149,5.785510435593441,-5.627000000000001
-16.77393882130267,2.2700641311237137,0.3495307930946887,5.820071535444104,-6.1366000000000005
-13.546285952079081,1.9512770510453799,0.43204683390336407,5.857638616740079,-6.5825000000000005
-8.221580490286543,1.7646599147243203,0.5415720593829096,5.891042671226362,-6.964700000000001
-6.817055299753161,1.6546760845309896,0.6491026857920552,5.925612592564452,-7.219500000000001
-6.8623707001104535,1.5409883748662763,0.7296562108386837,5.961171712587234,-7.474300000000001
-5.440522552177381,1.4830688021908383,0.7701142422647735,5.980896977934723,-7.729100000000001
-2.0928987359035114,1.4604433634573883,0.795500396970256,6.011458844539536,-7.856500000000001
0.6042020906758531,1.465330083422578,0.8154199652791055,6.046021374901674,-7.9839
1.0130851093862276,1.4886147168805601,0.8338343753853721,6.081589554830462,-8.175
0.26514943801451274,1.5221251183615565,0.8530755036213922,6.116170681841769,-8.3024
1.2016997176199342,1.596600010228084,0.8927086951832797,6.150563935012743,-8.366100000000001
1.9967985850328431,1.7048757116455902,0.9496627934196942,6.185139578396731,-8.493500000000001
-1.959302761045008,1.7706438928011496,0.9954293832890246,6.219713076013507,-8.557200000000002
-12.198356756921592,1.6213635525514005,1.055640866980502,6.254410551291416,-8.6209
-16.8772770014436,1.2104973877004122,1.1097582607166634,6.288822162692982,-8.7483
-15.083338777106482,0.8161365137511879,1.1419725715325362,6.323539426712957,-8.812000000000001
-14.80893662716077,0.453701765924348,1.1623215315405975,6.359105222455954,-8.875700000000002
-8.6785579674431,0.16187009804397307,1.1734324237870486,6.393669421748145,-8.939400000000001
-9.736377846734856,-0.03982516080123874,1.1758855560962764,6.428235766807548,-9.003100000000002
-7.737341146597883,-0.18891933167833974,1.172405759286002,6.462639987233162,-9.0668
-5.618240841389774,-0.33172795487320306,1.1616667899695532,6.497822644319543,-9.130500000000001
-5.751496147962467,-0.44489630066915475,1.1464864858589612,6.531928364684122,-9.1942
-5.505530746647409,-0.5156391121404634,1.1337973358107907,6.553494459880854,-9.257900000000001
-5.401790855283927,-0.5865704002448253,1.1207840668396407,6.573055693245921,-9.3853
-5.043767799901825,-0.6536764351015383,1.1066241544507933,6.6056200374966085,-9.5127
-4.522788005530203,-0.7090398470012467,1.086591456938512,6.640719486498883,-9.6401
-4.3575290758476575,-0.750652547110131,1.0629502667312793,6.6757495556946385,-9.8312
-4.002122198807185,-0.7823824250000483,1.038552076474187,6.6982330855837535,-9.9586
-4.427768837898787,-0.8126406381622527,1.0173866771742563,6.727730174814299,-10.086
-4.253231365187572,-0.8556069336188961,0.9905957987517661,6.762296281455123,-10.213400000000002
-4.5074730434716725,-0.9155922219975968,0.9571263071657814,6.796007657489868,-10.340800000000002
-3.90746446468457,-0.9616937910938577,0.9305842929381367,6.81744381456099,-10.468200000000001
-3.90771688251558,-1.012337531137863,0.9030180215323664,6.850033192762483,-10.595600000000001
-3.5600568409708018,-1.06300739708243,0.8763397280489721,6.8846276712142185,-10.723
-2.177305272102713,-1.1067648922808913,0.840729059292685,6.920220169838075,-10.8504
0.06431167484016556,-1.0716355526384844,0.7959208422820473,6.9558138605548265,-10.977800000000002
1.866257662087218,-0.9540907678421943,0.7546258360902448,6.9903961796590295,-11.041500000000001
1.455162150167599,-0.8528397367713715,0.71859858023466,7.024801830596118,-11.1689
0.8614707281621572,-0.7839641227398717,0.6902148970695855,7.060589832454838,-11.2963
0.06673268341771871,-0.7251768682688611,0.6678002423082491,7.093934043877766,-11.360000000000001
-1.7959871628317832,-0.6848700651365226,0.6453861585767424,7.128515170889074,-11.487400000000001
-3.463675302955846,-0.7037118478705033,0.6217101652151542,7.163217414538565,-11.551100000000002
-2.644909298961607,-0.7555427012720213,0.5944520255791288,7.199781707290839,-11.678500000000001
-0.35723833277480926,-0.754405133646021,0.5661233402389112,7.234202855435569,-11.742200000000002
-0.48379334590041007,-0.7248523505667975,0.5412641881246493,7.26777213399717,-11.869600000000002
-1.2829396970158728,-0.7185527797123693,0.5176559006887478,7.303357480063653,-11.997000000000002
-1.437365592851046,-0.7230683679160794,0.4933120930611917,7.337041199543222,-12.124400000000001
-1.3888433004379692,-0.7321946063834027,0.4662552489628366,7.37260675686764,-12.251800000000001
-1.7292765145920868,-0.7483027523933053,0.4424400552285626,7.407018606687785,-12.3792
-1.6773165215769947,-0.7679951765693405,0.4221629420051402,7.4307397674210165,-12.5066
-1.2394473428441637,-0.7826557820502965,0.40171713660679603,7.46029836864497,-12.570300000000001
-1.0783784796660336,-0.7919105904352846,0.3813269690435005,7.483758937871244,-12.697700000000001
-0.6786304552733435,-0.7951726149388079,0.36480355967197564,7.502242757677351,-12.8251
-0.3297830438901588,-0.7918862860464019,0.3440924690132418,7.532833949767394,-12.888800000000002
-0.44949923462450386,-0.7884644287103375,0.3152929039201651,7.569403010891248,-13.016200000000001
-0.5386992506406737,-0.7919709858258782,0.28640029793407973,7.603980800042448,-13.143600000000001
0.2417433207397679,-0.7869981449160317,0.2614909151565573,7.637701474401778,-13.207300000000002
1.16899829964525,-0.760119506081641,0.23669114455784937,7.674256468829467,-13.271
1.2736650874770115,-0.7122146771300125,0.20913365927864982,7.708842364212357,-13.398400000000002
0.6245288487569861,-0.6792941163059014,0.18298316545294502,7.743380575879426,-13.462100000000001
1.196378257152505,-0.6553148987207371,0.16170523454333205,7.777789564676622,-13.525800000000002
0.7322654428842422,-0.6357313073537707,0.14033573043237998,7.811355028540957,-13.589500000000001
-0.5503540238312234,-0.63994650586953,0.12366397822141713,7.833123302692767,-13.7169
-1.325730614750667,-0.6586406435327226,0.11149766610869141,7.852703609544163,-13.844300000000002
-0.8184902594649426,-0.6960297927673688,0.09274383006706115,7.884289483946217,-13.971700000000002
0.13045007351564697,-0.7274219622870175,0.06602800795395741,7.9197694490007375,-14.099100000000002
0.6220182749567079,-0.7384081447097186,0.039039859221704686,7.957333907692343,-14.226500000000001
1.3552412938781606,-0.7318415482733137,0.015742302521138885,7.9899249548238895,-14.353900000000001
1.8328106399955475,-0.709088389079232,-0.007277607226246041,8.023463477388786,-14.481300000000001
2.165185268883083,-0.6704559372669466,-0.03317463606055973,8.0587062159571,-14.545000000000002
1.3779847217275976,-0.6422230799891447,-0.05778550805993562,8.093431824627343,-14.672400000000001
1.0072573343206315,-0.6416130818079226,-0.07826896601282889,8.127000626351785,-14.672400000000001
1.6033843343932996,-0.6392402418106986,-0.09873458418013396,8.162409304251154,-14.672400000000001
2.020615781794558,-0.6249587331450638,-0.11897897523662643,8.19498223157069,-14.672400000000001
2.8293656968477627,-0.5869177792295434,-0.14148658043956103,8.232567909515835,-14.608700000000002
3.4127203235430548,-0.5373302738483052,-0.15938992960260012,8.252267902493939,-14.545000000000002
4.464378403692941,-0.47401782296621525,-0.17279015592294708,8.286827333414548,-14.417600000000002
5.163406972901021,-0.3723574419952726,-0.18635566294055184,8.319543311881542,-14.353900000000001
5.180561301650953,-0.26224574911199344,-0.1965538140073765,8.353953492771634,-14.290200000000002
4.8461733961965034,-0.13869461299338873,-0.20399172677114707,8.389673068498151,-14.162800000000002
3.235483185718149,-0.05111736282634713,-0.20763167060856677,8.424091117201353,-14.099100000000002
3.207283708034134,-0.010331472208380342,-0.20853533810655187,8.444643933436904,-14.035400000000001
2.905222539687878,0.023464119475093633,-0.20836997976973629,8.478087326988739,-13.908000000000001
1.334505243135396,0.0358217259044176,-0.20744646246296705,8.512674414464524,-13.844300000000002
1.1728820190281253,0.022564903134186163,-0.20670104845885445,8.535223509462892,-13.780600000000002
0.7124276941853944,-0.0012041865074374422,-0.20648849714176135,8.565800634856767,-13.653200000000002
-1.033861742852044,-0.0628722773843347,-0.2075273362236798,8.600623995144442,-13.589500000000001
-0.5342374852952961,-0.15912755136832607,-0.21173459407589468,8.636029812020862,-13.462100000000001
1.1809464144752646,-0.21587866552111437,-0.21872284143702805,8.670149599081608,-13.398400000000002
-0.5622850232794333,-0.26227836570099244,-0.22634299576438255,8.70431826195107,-13.334700000000002
1.5360121946036829,-0.3166074863930867,-0.23712176953332623,8.73967854087888,-13.271
2.78318909773388,-0.3074715056857702,-0.2483596982607553,8.776307445066092,-13.143600000000001
3.8699199551811567,-0.27502402459274855,-0.2558640567062449,8.796888394693976,-13.079900000000002
4.850687299708556,-0.2148906326743012,-0.26215679518002166,8.827475772086753,-13.016200000000001
4.539852446440586,-0.13779660408344138,-0.2676063064140081,8.862984585789345,-12.888800000000002
3.4601352164162407,-0.07227624565092836,-0.2713212101348944,8.8967038296372,-12.8251
3.8138978889370883,-0.014011960645482631,-0.2729680802944343,8.932271771147407,-12.697700000000001
4.52505181419944,0.05212811542821746,-0.27237479055887254,8.965834135570214,-12.634000000000002
3.4768271638632555,0.12026993271870023,-0.26916185606916077,9.001268085838968,-12.5066
2.4179115329338843,0.1527293352447022,-0.26414499432716915,9.034962772573175,-12.3792
2.566728677820715,0.16901777331935577,-0.2590369994434511,9.070052207995127,-12.251800000000001
3.8194303074047955,0.21513755286464334,-0.2518371140896327,9.106106761825282,-12.124400000000001
3.7830776422270995,0.28230908002163296,-0.2430570410565316,9.140699809765545,-11.933300000000001
3.3809188165440585,0.3514660662565742,-0.23294019272680827,9.17622364383862,-11.805900000000001
3.24131615871894,0.42780618469768444,-0.21771762222524071,9.210645268820508,-11.678500000000001
3.0435927978101347,0.5046486355342059,-0.20021254277729122,9.245212805972807,-11.487400000000001
2.5808992264788837,0.5525317929101089,-0.18469772471317425,9.279793217728377,-11.360000000000001
2.0051844943881068,0.5765564670534311,-0.1657562078661379,9.315483467969665,-11.2963
1.0992545285899258,0.5714503015046949,-0.14442736007192236,9.351073105570572,-11.1689
1.2594944055736774,0.5583916663657688,-0.1265278389851549,9.373612425407197,-11.105200000000002
1.3867293026798382,0.5528481532424709,-0.11182602447937003,9.404788935108934,-11.041500000000001
0.8157356701911311,0.542245017545866,-0.09443718898413404,9.43874159074573,-10.977800000000002
0.24782418650516327,0.5155882498792824,-0.07757790363163665,9.473145334334186,-10.914100000000001
0.025080602658630317,0.4722574030190503,-0.05922961504268278,9.507709533626377,-10.8504
-0.12894617881299716,0.4264243320788892,-0.04239702669490065,9.54329225708849,-10.786700000000002
-0.24297767763628486,0.3812211699153241,-0.027244210051715363,9.576881324392156,-10.723
-0.3799091810201455,0.3420382606141945,-0.012518159970025346,9.614471293871725,-10.659300000000002
-0.47407105697446295,0.31267155595041485,-0.0035073589640672626,9.64804748657212,-10.531900000000002
-0.9188324897048461,0.2723720018956864,0.004514966336816192,9.682625514141899,-10.468200000000001
-0.8683416064745745,0.22610161667734616,0.01262711142039374,9.717110320047247,-10.340800000000002
0.3730147135400784,0.20030058326469852,0.020594559186151853,9.75266681746566,-10.2771
1.4887821669758203,0.21620485350014526,0.030767039766641847,9.788230944278602,-10.149700000000001
1.5498038030062993,0.27195308629730675,0.04409804591350409,9.821809759583367,-10.086
1.5857802645698869,0.30903279732038413,0.0527832501460264,9.856052809049508,-9.9586
1.6449786863135198,0.34383440976693813,0.06159485578538056,9.890079136027246,-9.894900000000002
1.7551799063635751,0.3725881157135637,0.06932653247263149,9.927641925788798,-9.8312
2.46587814285324,0.4136766833870338,0.080565995252064,9.960209131062435,-9.703800000000001
2.8204708494565622,0.4779823166979923,0.0961694362811712,9.994771899843151,-9.6401
0.5704148527711869,0.5241578464483071,0.11511810447797122,10.030183677184048,-9.576400000000001
-1.0822124659664971,0.4993883438370277,0.13374506092841562,10.065900391887617,-9.449000000000002
-0.926124351121225,0.4628834702820964,0.1479897781584506,10.098327168618162,-9.3853
-0.4705427008008993,0.43087091010731604,0.16113056058910596,10.121918152807204,-9.257900000000001
-0.12801742763288382,0.4041632672464346,0.17355186838808886,10.151595248064972,-9.130500000000001
-0.31140551052898513,0.3793223261000388,0.1882940282823583,10.188046291992173,-9.0668
-0.44561259868726755,0.35368994286468114,0.20527613762055677,10.220574396618836,-8.939400000000001
-0.4618315812337733,0.3386194303858654,0.21582274268407825,10.255167682977678,-8.812000000000001
-0.2552851394086616,0.3294384371219533,0.2250186296606443,10.29069485491086,-8.684600000000001
0.2668328097789634,0.3258775232987512,0.23416855752419702,10.325387800235767,-8.6209
1.1744024320930917,0.33722290517218506,0.24558386853906483,10.358979966980959,-8.493500000000001
1.6391159486308626,0.3678942007384203,0.2566386410807234,10.393547742551837,-8.366100000000001
1.6423725393395574,0.4088423260574658,0.268304903341836,10.41711965325455,-8.3024
1.4086203727755058,0.45498303882432073,0.2845002251350097,10.44751820313268,-8.175
1.2832033292832485,0.4970366625245016,0.30195063644327896,10.482084071354924,-7.9839
1.11986252829013,0.5156862145013413,0.3105663880345282,10.50566623405654,-7.856500000000001
0.7151806664006936,0.5340823126110504,0.32391028698090013,10.536257187728003,-7.729100000000001
0.40457275327766784,0.547764099021343,0.34361513332712174,10.569777828899467,-7.601700000000001
0.10946276258830379,0.555579303264021,0.3637232715211912,10.604337975075813,-7.4106000000000005
-0.04472383109644196,0.5566520261478098,0.3779950996408007,10.628923403158288,-7.283200000000001
0.2118870937343327,0.5581454365748502,0.3928207500951948,10.6576279890319,-7.092100000000001
0.013636402097248054,0.5617842579054377,0.41023513222619945,10.693194976867792,-6.837300000000001
-0.4420703432956159,0.5588621535574505,0.43082946957873114,10.729885154629832,-6.5825000000000005
-1.7661233037171498,0.5262137685690026,0.45093456910103136,10.764038320291652,-6.264000000000001
-1.338347620865812,0.4865433541154071,0.46697174377594247,10.7992190700294,-5.881800000000001
-1.4877618986858685,0.4448033747443739,0.48414695683526454,10.835896373188168,-5.499600000000001
-2.4975677197762405,0.39053027872873797,0.49958640651479697,10.869830909012952,-5.053700000000001
-3.605538341107593,0.3085698346051331,0.510620966117948,10.905102734647917,-4.607800000000001
-3.322909922972683,0.21546375131237286,0.519002025316507,10.939898676798995,-4.1619
-2.2125079998503665,0.13191013552770392,0.5255184434706508,10.974784979591552,-3.7160000000000006
-1.4863389624280137,0.08270286173562316,0.5296344886651086,11.010369610402298,-3.2701000000000007
-1.6394121972462,0.051575965865753824,0.531782317059922,11.045959486421784,-2.7605000000000004
-1.43692543758532,0.015385705638462588,0.5329850396833113,11.081404403945177,-2.1872000000000003
-1.1281727340954362,-0.011231865861167688,0.5330456765741752,11.114814657314517,-1.6139000000000001
-3.2275150920200857,-0.06134147173734859,0.5318247786966728,11.149397691674457,-1.0406
-5.053786834255599,-0.17500445735008396,0.5280316714310974,11.183096908361668,-0.46730000000000005
-5.157704935936352,-0.3172873614149397,0.5200447779901345,11.217502082461598,0.106
-4.3128853369835705,-0.4820380659552673,0.5045166900157614,11.252066043335208,0.6793
-3.905491470971798,-0.6171399020829841,0.4841911793544856,11.286642878812092,1.1889000000000003
-4.251967960469412,-0.740398062776625,0.46222859263152477,11.32105139077213,1.6985000000000003
-4.474724631511593,-0.8737527636125076,0.4358742419992873,11.35593697830895,2.2081
-5.597277862988148,-1.0360179927197948,0.40465557346161624,11.390530264667792,2.7177000000000002
-1.912524513935585,-1.1652835062955234,0.3631484766582342,11.42612777008181,3.1636
-3.0819735006544247,-1.2668359970712155,0.318457191529022,11.46061257598716,3.5458000000000003
-2.156301128493686,-1.3609056135449746,0.27692941595095744,11.49602101546795,3.9280000000000004
4.053351131777252,-1.3484980678582286,0.22657217258645476,11.53159396376832,4.3102
4.162451568045484,-1.2095998609288618,0.17781388355141559,11.565305101384485,4.6287
-8.358399909119903,-1.3160904982857475,0.13690530179747343,11.599875261141154,4.9472000000000005
-5.417873019230874,-1.6012250587540686,0.08222215046839287,11.637461654342037,5.202
-4.623270072274171,-1.8338879221211941,0.018328897816917298,11.672001773357739,5.4568
0.7623365786578155,-1.9517858856157588,-0.04253268075471511,11.703563805901883,5.711600000000001
6.503730618960469,-1.8962463306920296,-0.10505698777510623,11.739164410757429,5.9664
6.996600648434118,-1.7430471230322233,-0.1677473234770662,11.773693800937071,6.157500000000001
6.265217313463043,-1.5811414347533708,-0.22436835851970305,11.809098664139174,6.3486
6.750049290707891,-1.450493494490902,-0.2703394290824149,11.84266412800351,6.539700000000001
9.295087325518853,-1.270201912155709,-0.31619588812279437,11.87542397548906,6.7308
11.079263506688426,-1.0297448653051682,-0.35445890220053045,11.909955749854491,6.921900000000001
10.245014577100259,-0.7144192853091371,-0.3876436127345528,11.94451804179805,7.1767
7.949345073471548,-0.4863433456235142,-0.41015831315923706,11.979080572160187,7.367800000000001
6.623475541498066,-0.3530538840256397,-0.4239030721367947,12.013659314985704,7.5589
4.209401718465357,-0.28743450273185517,-0.43418691996997766,12.048059243876894,7.813700000000001
4.274201343819354,-0.23472851986540264,-0.44300905863198287,12.082623443169085,8.004800000000001
5.147019011786188,-0.13072799754371078,-0.44879137742484687,12.118342065221286,8.1959
5.3724508116717296,-0.005703473975850911,-0.4506060820764911,12.15290316507195,8.387
4.447572575982246,0.11741019055663746,-0.4494267425693873,12.18849709420728,8.578100000000001
2.624334285368622,0.16730278026395914,-0.4461432224525277,12.22187277688265,8.7055
0.3933511605055641,0.1333562328928491,-0.44207658618668805,12.257443817834387,8.896600000000001
1.0989339625782064,0.071685343163431,-0.438804994791181,12.291003082815665,9.087700000000002
0.4515365750789617,-0.002330700520432008,-0.4372829289996966,12.326581514743355,9.2788
-0.5013302188972875,-0.10815610657881967,-0.43898173204259794,12.35929248642019,9.4062
0.7146835892895235,-0.2104263724662918,-0.44449764858280355,12.39485709007029,9.5973
2.185552483741743,-0.2605426341216352,-0.4535395476685542,12.428603990473322,9.7247
3.5397997775589753,-0.2431242488706785,-0.46273542232379183,12.464986131431163,9.8521
5.014672365198127,-0.12754085040716756,-0.469808368763161,12.499566781605312,9.979500000000002
5.359717590674629,-0.06861304277681139,-0.47242574883538746,12.532963206697064,10.0432
4.838418449806179,-0.01941119054823695,-0.47419242922402954,12.555681340468015,10.106900000000001
3.318640476228235,9.975038160274345e-05,-0.47475081249535306,12.586088234996412,10.1706
2.7063188883864724,-0.01567138431522016,-0.4750688500669915,12.62080692952786,10.1706
4.0910066027469405,-0.026652111250881672,-0.47584816162652815,12.655374705098739,10.1706
3.7377046691949425,-0.015933012396979057,-0.4764993227786203,12.690425993548033,10.1706
3.521257521039937,-0.01044822633806042,-0.476901257184615,12.724021498153334,10.1706
3.771946142591568,0.013228365806178194,-0.4768401220896204,12.7580668986174,10.1706
3.7227618008397063,0.02756716085474492,-0.47633449049243703,12.781636186715744,10.1706
3.4606513843108853,0.02706267494792855,-0.4756457911184488,12.812195669134766,10.1706
4.138200498141341,0.03394980333371142,-0.4745235592902324,12.850113940997758,10.1706
4.7238689197154615,0.0690839520033853,-0.47264719173881775,12.881323114044832,10.1706
4.993419115750416,0.1088787767671346,-0.46981845031640485,12.916889625043567,10.1706
5.418488690843152,0.16117976445259594,-0.465554591866883,12.95029344111127,10.1706
5.814013650544322,0.23581913309231817,-0.4582316719145364,12.985145650047016,10.1706
5.729546898490109,0.32252929031926875,-0.44785468372696985,13.021599316578587,10.1706
5.290148563939469,0.4005263090370284,-0.43661660817986003,13.055188145463674,10.1706
5.0819659221427935,0.47165546410333054,-0.42331066269680195,13.089780954985358,10.1706
3.926681445489127,0.5167632207276899,-0.4050113524650777,13.126375765315757,10.1706
2.863776705978902,0.5218978259683279,-0.3860536640272003,13.159967932060951,10.1706
2.676623949164223,0.5073510650615202,-0.3671844490482368,13.195563053289177,10.1706
2.7473402500233353,0.4939095931933168,-0.3487890020693569,13.230154432299386,10.1706
2.5790455886421575,0.48287331910645026,-0.3333988738416287,13.26574764617898,10.1706
2.28079881870995,0.464384541649842,-0.31595644890998176,13.300340455700663,10.1706
2.1376171858925583,0.44093622121016346,-0.2992439763570129,13.336936696542535,10.1706
2.1380832696901364,0.42115031570110933,-0.2855668550790836,13.372231410361094,10.1706
2.360905784827429,0.40636291323004853,-0.27244719028609676,13.40479360884457,10.1706
2.6649089124588086,0.40104247130268855,-0.25757199021837845,13.440418055558025,10.1706
2.520641924300635,0.4007734135915335,-0.24288654906966933,13.476769440519162,10.1706
2.2727299983148015,0.39529082859833786,-0.23041621187236913,13.509342606257276,10.1706
2.0631524822518177,0.383305065423113,-0.2162814362642954,13.543049452339018,10.1706
1.3761288053387313,0.35813375441220757,-0.2026235977713794,13.577616035817,10.1706
1.587236912650837,0.3265801476073426,-0.19001401302787604,13.616193535051208,10.1706
1.7127994479190527,0.30220927280238996,-0.17841653630851784,13.649784271284927,10.1706
1.6568886578715671,0.2870123072956947,-0.17064079069796534,13.670311576732514,10.1706
1.6894151613514252,0.2725202795805548,-0.16328114221710688,13.702874728890306,10.1706
1.7879981866098333,0.2581168265281794,-0.1549025941309394,13.737293254430666,10.1706
1.7693367625096847,0.24557340235896932,-0.14698030102906953,13.77132864131441,10.1706
1.640235767432416,0.229794600875131,-0.1382610514228209,13.805428162795932,10.1706
1.4745357429219688,0.21017822876577252,-0.1302158395716231,13.84001191241161,10.1706
1.4755427677014794,0.1916332386866265,-0.12390048312284146,13.874695320993352,10.1706
1.5987659437821897,0.17392412755752362,-0.11718039212888956,13.910281143896993,10.1706
1.6636798279281397,0.1603355721200713,-0.11100688462064533,13.945670748310034,10.1706
1.6518508631572413,0.15028999896380527,-0.10610474574055345,13.980250444809867,10.1706
1.7431305227995637,0.14034773609776227,-0.10082367713496133,14.013976364377937,10.1706
1.8018151246206895,0.13357779579715576,-0.09582326304870918,14.049522371378869,10.1706
1.3913408907719707,0.123894897483324,-0.0917407596749608,14.083084974220254,10.1706
1.5263234960698284,0.1110438920694159,-0.08800948899533662,14.116515970005976,10.1706
1.6638422917792197,0.10497452086482395,-0.08500687342654559,14.139574088670726,10.1706
1.6924299295278828,0.11160180084110559,-0.08186801986065076,14.172166089476589,10.1706
1.6734747309613596,0.1366702255006415,-0.07712484952017386,14.206704539562237,10.1706
1.7130438564759463,0.1512426282779148,-0.07275239581522233,14.241754159081479,10.1706
1.7078954213839446,0.1569701109732719,-0.06795674650868479,14.27532868285182,10.1706
1.5458308950761035,0.15226501288612923,-0.06299483158342721,14.298908699786223,10.1706
1.4114153396715041,0.1425784168022359,-0.05836276820111696,14.329498222946212,10.1706
1.4325829438416549,0.1316110496765783,-0.05403198927989977,14.365092152081543,10.1706
1.3470312300678646,0.12079439871629088,-0.050037976342328205,14.399687107370438,10.1706
1.3219028647278697,0.10558866597528142,-0.045882775928077005,14.436275718817777,10.1706
1.3070154147415112,0.09096355111579384,-0.04227535112958786,14.470703304264143,10.1706
1.2755059467983445,0.07557561419516248,-0.03923703358359552,14.507146003541076,10.1706
1.4895972384045368,0.06420069221329526,-0.03664986394264883,14.540725057264419,10.1706
1.775601575450971,0.06235836342367514,-0.03497806182451206,14.562405354960541,10.1706
1.8882322267955667,0.06586204184396116,-0.033291421629763285,14.594961592979539,10.1706
1.6499718388439992,0.06881415318743374,-0.03117930869290327,14.629525077015993,10.1706
1.2773437419395388,0.061130734290093906,-0.02879448428304958,14.664099289888506,10.1706
1.5156124487792653,0.05188486507460654,-0.026704215393347996,14.700681464034213,10.1706
1.7659486049162814,0.051978750126650465,-0.02505581014306162,14.731522280376575,10.1706
1.7466842851485105,0.055731395617714764,-0.023356237085232,14.765113255028874,10.1706
1.4066564809240785,0.053779541248158015,-0.02134518321526291,14.801708303777852,10.1706
1.3042877131809885,0.04449978129076803,-0.01952361853025457,14.836071039370703,10.1706
1.6627906813149014,0.04097713783814641,-0.018164224984960276,14.869483200088675,10.1706
1.922412521487595,0.04865430450685543,-0.016507269160634178,14.907072454312507,10.1706
1.5074838063327505,0.05353185059855601,-0.014639064596617521,14.938627334299278,10.1706
1.2449606656118049,0.04720846489810939,-0.013064848712817545,14.973173890616616,10.1706
1.2812052318746683,0.03773438402440329,-0.01172191632725706,15.007738566745966,10.1706
1.630716748785499,0.03397732354596651,-0.010404496719247548,15.044321694565989,10.1706
1.7159838599195958,0.03812822159077608,-0.009081760069531408,15.077873091734157,10.1706
1.3814628037542922,0.037785513167878176,-0.007887745188658929,15.112588686824077,10.1706
1.3268923413436118,0.030524600907134183,-0.006634761452373862,15.147976622307064,10.1706
1.6838300096737926,0.02862601998674165,-0.00554475359448273,15.182584452199231,10.1706
1.809846184761722,0.034619351139388466,-0.004542883849457436,15.216215481172819,10.1706
1.6456595126017932,0.03929201746456362,-0.0035859411433252367,15.239817909453658,10.1706
1.4260260686999615,0.0390768972432869,-0.0025706675485232216,15.271763795910156,10.1706
1.5099072063997965,0.03691255405731727,-0.0011741889814924876,15.305973228356644,10.1706
1.8507676505977966,0.042454951414046684,0.00028439120037523647,15.34053861974173,10.1706
1.9527203489112257,0.0544112682761859,0.0018173360461315599,15.374104798861802,10.1706
1.7872390181739632,0.0635619504645966,0.003348293545680162,15.397675279053042,10.1706
1.5313513330987856,0.0671870244697279,0.005045115944822391,15.430263703580218,10.1706
1.467983856693488,0.06720862467768879,0.007513423396277238,15.464655526239719,10.1706
1.5376493463573508,0.0681636038390921,0.010001859482285609,15.499364445609425,10.1706
1.6079564202052068,0.07050206572205213,0.011821105006562268,15.519792092090947,10.1706
1.6024266580300168,0.07416449701410592,0.013733080853714599,15.552492573350301,10.1706
1.5354955609816006,0.0784891924385971,0.016202585209902396,15.586084263258337,10.1706
1.4777591532129004,0.0871067888671025,0.01882756037412735,15.62246592737902,10.1706
1.5705438577801913,0.10799329847312483,0.02258638178593998,15.655184290031807,10.1706
1.6328824706524117,0.11807062672268283,0.02641235048587669,15.689614021245385,10.1706
1.6108959957056583,0.12499297864306481,0.03024122832852778,15.724311496523294,10.1706
1.6004044622278135,0.13284204533374444,0.03498897045056861,15.759719220748346,10.1706
1.600043988915484,0.14133224192233146,0.03999620218440029,15.795290500118663,10.1706
1.6363872880934334,0.14986696925665186,0.04458174901977554,15.828850480355678,10.1706
1.6043993943496395,0.1575974447788674,0.048626042612073955,15.850574408651775,10.1706
1.475396181876019,0.16501186769014795,0.053735754070409966,15.883137560809567,10.1706
1.6052680189140431,0.17419849698707832,0.05996999549430098,15.917731562424146,10.1706
1.8140746399851917,0.18823692731137856,0.06565237557042079,15.9523155504584,10.1706
1.8187742691107858,0.2062155400737109,0.07184916529966727,15.986685677027202,10.1706
1.5477491210850238,0.22398779770904903,0.07977451037912066,16.022399053870664,10.1706
1.420516843247677,0.23573804599081227,0.08820998198236436,16.055958318851943,10.1706
1.4685369237644508,0.2461929051917436,0.09582185249400495,16.090524425492767,10.1706
1.6628984949952494,0.26398902783250633,0.1052421399402591,16.125949554274094,10.1706
1.7142590289100372,0.2879344536437909,0.11539450344174386,16.160654182109376,10.1706
1.582205876763154,0.3083376909746625,0.12481577649925746,16.19522839498189,10.1706
1.4740758324759458,0.32949805498949025,0.13658027255556981,16.23162674840311,10.1706
1.47175418119888,0.3504599073200596,0.14903411920561135,16.265205802126452,10.1706
1.5887888267279313,0.3716215192200467,0.1603519788231123,16.29991138363605,10.1706
1.5921627002299386,0.40127678962346736,0.17457224758444276,16.33747774967629,10.1706
1.4117394431413484,0.4298371125408826,0.1898692335808172,16.370040186578343,10.1706
1.320181603590158,0.4522983467793232,0.20382496812138387,16.404609631079275,10.1706
1.4359252025174523,0.4815835321959403,0.22112884352698306,16.44002164683875,10.1706
1.5833353224471078,0.5180608677922948,0.23947141539329353,16.474566057388877,10.1706
1.4473929579594564,0.5518059417479194,0.2563380557807898,16.50714208414994,10.1706
1.3658754159028452,0.5850487451965891,0.274301115374,16.541706045023552,10.1706
1.4823206268427043,0.6212077314799808,0.2933239744805303,16.57606949587214,10.1706
1.5469580975330652,0.670010558107206,0.31699989235931564,16.610643231907495,10.1706
1.5377096741223364,0.7238399200058868,0.3426121149867935,16.644231822374003,10.1706
1.4312485861716904,0.7633054058333495,0.3621550551191884,16.66612288209405,10.1706
1.271202460937864,0.7940884256068861,0.37856489111883584,16.68569436745802,10.1706
1.229962159989254,0.8326632130691834,0.40005179716597655,16.719285818947476,10.106900000000001
1.571331478691582,0.8856419701450037,0.4270555482896625,16.752665077901533,10.0432
1.8318915544764145,0.9401731963477845,0.4509013384069772,16.775227047503172,9.979500000000002
1.751807108241129,1.0002549245261687,0.4765054449289456,16.8057955898282,9.979500000000002
1.4774567165869321,1.0711897192672424,0.5094421119789359,16.829842430340484,9.979500000000002
1.1787060763303459,1.126664351704892,0.5403392453750925,16.85907439811107,9.979500000000002
0.4850685837423414,1.1675723302452834,0.5747370690928018,16.893480764303895,9.979500000000002
0.9321878603083419,1.2180121003518138,0.6169931970355909,16.931046653506975,9.979500000000002
1.380619472536443,1.2956425951050516,0.6612327038557959,16.962766995987643,9.979500000000002
1.5695820101426814,1.3822413235595576,0.7081542182677332,16.99718337576079,9.979500000000002
1.738092982574273,1.4691446385462634,0.7557673444634294,17.033779378184086,9.8521
2.026263876121233,1.5727782148828657,0.8116378836080851,17.066987929435506,9.661000000000001
2.579824741487232,1.7142482603515319,0.8906183972678697,17.101022601063512,9.342500000000001
2.70368830552887,1.8883508343975013,1.0042538110301968,17.136191906709463,8.8329
2.2231960752035063,2.0599771371228117,1.124120088665388,17.169155125242987,8.1959
1.7250245899924133,2.2023371710026964,1.2219111779575527,17.204359955257225,7.367800000000001
1.5068089300352459,2.2922114721903695,1.2855933332745002,17.238282093315895,6.3486
1.4548335101127141,2.364341212644409,1.3463858162663471,17.27368957912237,5.1383
1.455996291667153,2.440068470882592,1.422016533613955,17.307411207156015,3.8643
1.5124352025476222,2.5240623889433396,1.5120904039039547,17.342985585967856,2.5266
1.6437479302841091,2.631814035693191,1.6366483936088116,17.377581733349647,1.0615
2.4439137180145707,2.7482978385454704,1.7882559169517727,17.412953933206413,-0.40360000000000007
4.984861457661492,2.885182740136454,1.9127048941169504,17.446669600775582,-1.8687
8.933087393168659,3.084815324723651,2.004565462335702,17.48123451532351,-3.3338000000000005
12.813431578282373,3.3666298218239414,2.0937902379154596,17.51780238435447,-4.735200000000001
15.997386715847034,3.8347245041666738,2.221335464682751,17.551363079847224,-6.072900000000001
16.57847768058098,4.426558943818446,2.3940377425618653,17.586932690287487,-7.346900000000001
9.735715823102854,4.752896728336459,2.555277059074833,17.620517704475308,-8.557200000000002
-5.694263795964263,4.433610034753377,2.6787097195138854,17.65511075241557,-9.5127
-23.68539651419856,2.96131097863646,2.7887182754079642,17.68970451561157,-10.4045
-38.70202948361389,1.4556247001467981,2.928441479043293,17.7252984447469,-11.232600000000001
-51.434880138417036,1.0454505100676448,3.055073480553956,17.761892062984405,-11.869600000000002
-63.689136606349926,0.8235123980901793,3.1158330446140545,17.79648463408751,-12.3792
-68.47712647411097,0.36313981359931324,3.1408328187209946,17.83307872916217,-12.697700000000001
-57.7537825509646,-0.14361362837016972,3.1493003752963014,17.86767296919533,-13.016200000000001
-39.61189709661889,-0.5876335697180424,3.1486914218339104,17.90326665991208,-13.271
-26.429373244011476,-0.9256911659056895,3.142358475237936,17.937858754178027,-13.462100000000001
-18.960898648774496,-1.1676564043505486,3.1320951775234445,17.972453232629764,-13.525800000000002
-15.560184541058815,-1.345449224021643,3.1189955931405082,18.007044611639973,-13.589500000000001
-14.822237752899866,-1.5404195405838985,3.0957358586930974,18.04263997128678,-13.589500000000001
-7.105583819211433,-1.7340145805675473,3.0508823328988335,18.077231588715566,-13.589500000000001
-8.591490816293751,-1.882253949350715,2.9906298211130573,18.11182415981867,-13.653200000000002
-13.081450394886234,-2.130025241397746,2.9235410838225717,18.146416254084617,-13.780600000000002
-17.801760950039796,-2.5444714765112453,2.8453836028119603,18.18301034915928,-13.844300000000002
-19.947312871130624,-3.0658687721612723,2.752029543917644,18.21860427829461,-13.908000000000001
-16.10354477500875,-3.665033497076048,2.6222723002984845,18.25319780307203,-13.908000000000001
-9.66901851060391,-4.089144244204541,2.4733278141506276,18.287790135756556,-13.908000000000001
-8.552383589025437,-4.371368175757166,2.2977910991675263,18.322384614208293,-13.908000000000001
-5.687336026974924,-4.584480105013567,2.051928799046609,18.358976801934322,-13.908000000000001
-3.2637023130624008,-4.665588833002362,1.7845521123883215,18.394570492651074,-13.908000000000001
-0.37859900867723106,-4.664951502066531,1.3506218552640692,18.429164255847073,-13.908000000000001
1.9711419291777867,-4.5193246823852515,0.7731567295459292,18.464541224075422,-13.908000000000001
3.146931103964515,-4.247200230868735,0.18572196570662647,18.500133722699278,-13.908000000000001
3.629442720620144,-3.9019086555005433,-0.3248903005692984,18.53372636628163,-13.908000000000001
3.896874810224121,-3.5287429821078398,-0.7601779010960323,18.568308923804413,-13.908000000000001
4.028092838072836,-3.225897116591824,-1.0766214682126083,18.604157007145066,-13.908000000000001
4.0792451771351885,-2.9921679298738066,-1.2871713501721715,18.637866952668336,-13.908000000000001
4.117639480674856,-2.7626830795373074,-1.4633133361250332,18.673278491590654,-13.908000000000001
4.12686430818199,-2.5341625711136593,-1.6175284006787087,18.707869393763705,-13.908000000000001
4.095337410512729,-2.2598347834022627,-1.7739962791478632,18.742397115013294,-13.908000000000001
4.0857255201852505,-1.9412659303357338,-1.9499906777517133,18.777968871220768,-13.908000000000001
4.126737823253454,-1.7061556808052036,-2.0872514038602508,18.81069104857082,-13.908000000000001
4.166156891843563,-1.568926148542943,-2.164079939329859,18.84594570806809,-13.908000000000001
4.154321932222283,-1.448718485074357,-2.2204651883438093,18.880538756008352,-13.908000000000001
4.103262323729105,-1.3387323832186766,-2.2673862741504496,18.916132208306525,-13.908000000000001
4.0508139645784,-1.2638316560201006,-2.2996964535911415,18.95072644833968,-13.908000000000001
4.022118249105976,-1.2173466313363683,-2.32076921753563,18.98632061589359,-13.908000000000001
4.036431969063776,-1.1759527137355803,-2.3386133891589425,19.022078100174184,-13.908000000000001
4.082208704763724,-1.1200450370334627,-2.3588718500743004,19.05465841846967,-13.908000000000001
4.1100706989527565,-1.0257164465808755,-2.3874132161980057,19.090048022882712,-13.908000000000001
4.1015544045185255,-0.9078713796718121,-2.4209358880072678,19.12361253307273,-13.908000000000001
4.093227962269546,-0.8129448650888258,-2.4478834551500923,19.15819079906109,-13.908000000000001
4.125519248530118,-0.7437708342672122,-2.4665286074356536,19.194743409302987,-13.908000000000001
4.215232419690273,-0.673673843298442,-2.4825887546479217,19.22646494387655,-13.908000000000001
4.329195747649509,-0.5989177785716787,-2.4977074007208593,19.261027474238688,-13.908000000000001
4.39213376050951,-0.5350565261342541,-2.5100536111173666,19.296606621422114,-13.908000000000001
4.3723476835885915,-0.4863480759009263,-2.519222205694188,19.318005108357738,-13.908000000000001
4.2975200589029425,-0.4500266984091448,-2.5261849521984074,19.349584783876736,-13.908000000000001
4.194166040166918,-0.4236227163504233,-2.53159604919328,19.384286789107648,-13.908000000000001
4.074641545681367,-0.4017967035750507,-2.5362641346707817,19.41884788895831,-13.908000000000001
3.9663098895144473,-0.3824878954317215,-2.5405142256343236,19.455438407754286,-13.908000000000001
3.8996708754821783,-0.36465944939448075,-2.544484459669389,19.48898002976071,-13.908000000000001
3.882765708981825,-0.34752316519845156,-2.548243435863642,19.510404981158615,-13.908000000000001
3.914211973533157,-0.3305585943926489,-2.5518155496395756,19.542113641128907,-13.908000000000001
3.9762444783510817,-0.31347687728685447,-2.555201812459611,19.580525916287797,-13.908000000000001
4.0388993927372745,-0.2961701151718912,-2.5583965998066236,19.61223982146683,-13.908000000000001
4.094314938771731,-0.27856301923552584,-2.561399265128088,19.64666573798314,-13.908000000000001
4.1465984329281165,-0.2605211934268215,-2.564217884953857,19.68136893530695,-13.908000000000001
4.189690083059754,-0.24211877940791895,-2.566849410006306,19.71778254751723,-13.908000000000001
4.22242896911599,-0.22365478452410487,-2.569279759164902,19.75035666692966,-13.908000000000001
4.24737116420455,-0.2052257821108274,-2.5715087743736804,19.772914583415456,-13.908000000000001
4.249306974797145,-0.18674396655900777,-2.5735500333989467,19.803625700050787,-13.908000000000001
4.214278279394836,-0.1685239319515841,-2.5754014611797937,19.838503658193076,-13.908000000000001
4.156485212211742,-0.1508609012390951,-2.577058680733133,19.874756814699623,-13.908000000000001
4.115318788490725,-0.13346660622945736,-2.578535184314594,19.908333245818596,-13.908000000000001
4.1123844484014676,-0.11601561605171846,-2.5798394122999655,19.94373047962617,-13.908000000000001
4.1184398809772675,-0.09842176825776495,-2.5809686767121645,19.979310103646753,-13.908000000000001
4.106950021476058,-0.08080116174223217,-2.581918086568481,20.012017022207743,-13.908000000000001
4.083321684741764,-0.06339346298182023,-2.5826827592633146,20.04757518855621,-13.908000000000001
4.063976241615213,-0.046213797962751525,-2.5832623250912743,20.0810088069463,-13.908000000000001
4.073815028190713,-0.029064812430927962,-2.5836586679215,20.11670883234933,-13.844300000000002
4.170601252335955,-0.002906951465085448,-2.583885800769623,20.15218689005522,-13.844300000000002
4.354681412164982,0.04302154518350584,-2.5833174152807987,20.185779295218993,-13.844300000000002
4.399294621980525,0.10246902823771882,-2.581020573673639,20.221372509098586,-13.780600000000002
4.2229271717627475,0.17074918481429913,-2.575926393498641,20.256965484559597,-13.780600000000002
3.9978340613136947,0.23930829241840176,-2.567962666526729,20.2925300882097,-13.7169
3.9957372729501084,0.31754446314314455,-2.557306228593824,20.326946229564268,-13.653200000000002
3.968048147829336,0.3748425978411052,-2.5460194262421987,20.361660632561293,-13.525800000000002
3.707540955682833,0.4142725248157705,-2.5357568058815225,20.38524208000717,-13.398400000000002
2.952173357237444,0.43920200440850693,-2.5246777038174546,20.416830815432174,-13.271
0.4483507263309962,0.4271370588574157,-2.5111357384199517,20.451661089858643,-13.079900000000002
2.0163136290550336,0.39123825150918023,-2.496005381390975,20.487787884518266,-12.888800000000002
4.151848045672491,0.4316232001887646,-2.4806667152865307,20.521371468194612,-12.697700000000001
3.820423044110463,0.4884545115693938,-2.4674673352604204,20.556899355383532,-12.5066
3.0020697209939002,0.5499714171454754,-2.449869097764418,20.58945320921674,-12.315500000000002
2.540368851127186,0.5999665052353317,-2.427497898669916,20.62402837576357,-12.124400000000001
2.298681300994266,0.6207566718629834,-2.407801468791725,20.65958725736777,-11.933300000000001
-0.1167089245140876,0.594044428065212,-2.3847333790009895,20.69317060262554,-11.742200000000002
-2.295882650318494,0.49981251992199566,-2.3634997845442136,20.726870296149908,-11.6148
-2.2854466679907155,0.4005386140717782,-2.3504175819066653,20.762435376637168,-11.423700000000002
1.8001330068920212,0.34771850253217823,-2.3384080639014915,20.797029378251747,-11.2963
2.5212955608936327,0.3730797220843357,-2.3250305535109717,20.83343726841613,-11.1689
2.356543757618279,0.41015895107289363,-2.3107304744495614,20.868131167415353,-10.977800000000002
0.9879745969184505,0.42191615736803856,-2.2977343950966738,20.901553580132227,-10.8504
2.4950052045945927,0.43730659669150374,-2.284086244206413,20.92615259807371,-10.723
2.7602925769413686,0.4825569652699047,-2.269484582860392,20.956127239718196,-10.595600000000001
1.619641279443578,0.5158862703188721,-2.253748803115759,20.992233053542858,-10.4045
2.0555296810692787,0.5402554924187805,-2.237133737846145,21.025795656384243,-10.213400000000002
2.308635986334809,0.5870510211762732,-2.2162805046818703,21.061526676202558,-10.086
1.8932348877217795,0.63295107260827,-2.192718615409055,21.09614142023352,-9.9586
1.385453859816978,0.6686055686492967,-2.171767062787103,21.12872841424922,-9.767500000000002
2.677360088235378,0.7080080268853582,-2.1523818282070826,21.163502183472442,-9.6401
3.273643893773,0.7818331642391243,-2.1288800790782343,21.18708577668553,-9.5127
0.5007039075591565,0.8205289218504953,-2.103789484635303,21.21867618104059,-9.3853
-1.9549156800437046,0.7876345037274951,-2.0783611979423773,21.252265963599992,-9.257900000000001
-2.211778279612325,0.7086245159653958,-2.054256034727858,21.28684470642551,-9.130500000000001
-2.7044226259008295,0.6110213306500424,-2.0297566881461573,21.324024834367602,-9.003100000000002
-1.9600157385770067,0.5491951233584083,-2.015311561081038,21.34244189697156,-8.875700000000002
-1.5209646668204686,0.5098192269399001,-2.0039690358607447,21.37500576438509,-8.7483
-1.02121056787567,0.4601758206572207,-1.9859249808570034,21.40872643874442,-8.6209
0.5572487293506779,0.4512957971606381,-1.9689881217133693,21.446142124242666,-8.493500000000001
-0.47482037451776427,0.45478760783306726,-1.9560110148227818,21.47917996779145,-8.366100000000001
0.2849639547130411,0.4555888583282861,-1.9386774544854706,21.514413646453757,-8.238700000000001
1.3745751745731944,0.49561228022617243,-1.9203692412784787,21.54884194715586,-8.111300000000002
1.1676429382447087,0.5448013826665763,-1.9037519545379407,21.584549601953423,-7.9839
-0.0465950562946896,0.578743365579204,-1.883128047762983,21.62096988988392,-7.856500000000001
-2.1713628023782015,0.5612770649867355,-1.8622871736073374,21.652651846973352,-7.792800000000001
-2.254281038987521,0.5105538335446487,-1.8454346208701882,21.688085558823527,-7.665400000000001
-1.1341783253787747,0.4779004446109605,-1.829766695742376,21.722480957761714,-7.538000000000001
-1.7431836973017423,0.4516579154039736,-1.8124387613937647,21.75733888874336,-7.4106000000000005
-3.077048342754884,0.391439067034987,-1.7968071460167565,21.790796587409936,-7.283200000000001
-3.472521992666356,0.3293338109927447,-1.7872958245880404,21.812501680638285,-7.155800000000001
-3.5534078705622654,0.2595433270011885,-1.7795482314600086,21.84406299792669,-7.028400000000001
-3.2234449841443884,0.18214474096038905,-1.772458025213399,21.879631893111217,-6.901000000000001
-2.350241738744172,0.12321181114284047,-1.7675318729671778,21.914048034465786,-6.773600000000001
-1.6006537850858282,0.08688681506147057,-1.7636710030133675,21.949759742379193,-6.646200000000001
-1.4163500878808095,0.06540557329470352,-1.7608388399712827,21.984291993581785,-6.5825000000000005
-2.60499674623749,0.02759203355027987,-1.759160741998364,22.019889260577223,-6.455100000000001
-4.148991365349391,-0.05539789843212752,-1.759605486444955,22.053450432907134,-6.264000000000001
-4.932948301403206,-0.16509013233384132,-1.7631089654858627,22.08904531571678,-6.072900000000001
-4.553446077536884,-0.28727347592297775,-1.7704730932318185,22.124446841058777,-5.945500000000001
-3.3733377862602736,-0.38644734119064766,-1.7814573717504487,22.15699878754335,-5.7544
-2.5407033750174235,-0.44388483088136255,-1.7924440393852041,22.17871198700339,-5.563300000000001
-1.8833928699745872,-0.48198001364722237,-1.8048787263928805,22.211155214615893,-5.435900000000001
-1.7839662128836027,-0.5246522451647241,-1.8239441757520463,22.244840126188357,-5.244800000000001
-1.8128320513981233,-0.5644485230877122,-1.844221203440931,22.27938501357564,-5.117400000000001
-1.1884924277169782,-0.5954369777369576,-1.8626499368160185,22.312968597251988,-4.9263
-0.3963753908490379,-0.6037273496780987,-1.8814077466830605,22.34756164519225,-4.798900000000001
-1.2821181776379595,-0.6222988066170179,-1.9041163493504927,22.38296793890583,-4.671500000000001
-1.4698782918722058,-0.6618573330173313,-1.9285907973115846,22.417517833083274,-4.5441
-0.1674353889706257,-0.6800185585799098,-1.9509854815572307,22.45107519071592,-4.4167000000000005
2.7232331047530463,-0.6362881910052628,-1.9728205161971921,22.485651072518486,-4.289300000000001
1.7872558455148275,-0.574562565348683,-1.9893374977092462,22.508359192709115,-4.225600000000001
1.953685123736496,-0.5238544611820751,-2.0040646301220932,22.53943294400326,-4.0982
2.6662844795077176,-0.4553728253909008,-2.0194277189715204,22.57232559063737,-4.0345
0.5293231164908715,-0.4098421934176402,-2.032908611074443,22.60690051876562,-3.9708000000000006
-0.16978895817757364,-0.41607190013600326,-2.0481788646753163,22.641463525964916,-3.8434000000000004
0.23579767501134918,-0.4210116962045107,-2.063836815401718,22.675060461081692,-3.7797000000000005
-0.07056223609103142,-0.4308249886440045,-2.0771625323670455,22.710646283985334,-3.6523000000000003
2.0126835375988805,-0.4071477543964214,-2.0925010437382996,22.74642713328668,-3.5249000000000006
3.099696138119565,-0.3305393337668742,-2.1062534591223403,22.78187300448439,-3.3975000000000004
2.8631856064153633,-0.25345373652686765,-2.115422165613136,22.81543679941867,-3.2701000000000007
1.6931175904750302,-0.19422827241341215,-2.123538297938682,22.851852318977585,-3.1427000000000005
1.1181393255000007,-0.16327703838705426,-2.1300344853046167,22.884407364903687,-3.0153000000000003
1.624777004684297,-0.1409259421685163,-2.1347454439966302,22.918972279451616,-2.8879000000000006
1.6344155172371415,-0.10498270443192612,-2.1391997292056852,22.95353862451102,-2.7605000000000004
1.3828873827912043,-0.07439299314446461,-2.1425196894242577,22.98811569840648,-2.6331
0.40125918956289236,-0.0678823308987578,-2.1448167873507953,23.02367028847626,-2.5057000000000005
-0.2586841883921421,-0.09175977694951531,-2.1481718543126314,23.058370863195695,-2.3783000000000003
-0.7183923504377039,-0.12778732522738087,-2.1530357849443655,23.091809726794526,-2.2509000000000006
-0.6751109154296446,-0.14948211352180132,-2.156141037577112,23.12651936141997,-2.1235000000000004
-0.0013667567381869434,-0.1748212188346543,-2.160973033708378,23.160945277936282,-1.9961
0.800998862960555,-0.18323979065852306,-2.1682615593336583,23.195506854624103,-1.8687
0.4037538200023092,-0.18778277890810477,-2.17581721822874,23.23005651038297,-1.7413
0.12244778920723438,-0.19616438307652637,-2.1841090227362936,23.265622782963124,-1.6139000000000001
-0.24321613632565275,-0.20639862326650588,-2.189682828937088,23.30320536146674,-1.4865000000000002
-0.5915203551502531,-0.2217295699172211,-2.1950630145118653,23.336784892027243,-1.4228
-0.7159150568645278,-0.2470415784618122,-2.201443128743954,23.369372601298682,-1.2954
-0.4609430875457266,-0.28782384591385113,-2.21141235759402,23.40403312169683,-1.168
0.009900283318214997,-0.3241131538788865,-2.226102452475956,23.440467476323494,-1.1043
0.20682870112989077,-0.33862220108175733,-2.240621932503934,23.476168216982263,-0.9769000000000002
0.5468976309147487,-0.34292861686406,-2.247408473828436,23.508706812026407,-0.9132000000000001
1.1874855628650236,-0.34275222731229954,-2.2586612108064625,23.543134635891352,-0.7858000000000002
0.5537970262527062,-0.3407822493255724,-2.2701517407432776,23.56786287670271,-0.7221000000000001
0.12471838753011011,-0.3495184036736272,-2.2780844677353893,23.5974221931824,-0.6584000000000001
-0.21483369703274313,-0.37249969261909843,-2.2892312938966453,23.63198901507896,-0.531
-0.529025464022292,-0.40481384421923183,-2.300477079268536,23.66639418917889,-0.40360000000000007
-0.4612100968999004,-0.4524745998438872,-2.317037354468418,23.700979846143202,-0.27620000000000006
-0.32932277484668937,-0.5019191660332345,-2.3410861048486655,23.7365239457955,-0.08510000000000002
-0.2740342819867212,-0.533405585786555,-2.3605096500441634,23.77109958917949,0.04229999999999999
-0.14839077558479172,-0.5618262807145504,-2.3751988014759036,23.806825363789063,0.2334
-0.6228333261933656,-0.6005578254181945,-2.3892341919161666,23.828219082353105,0.4245
-1.5776607618742229,-0.6665371912885236,-2.4061932504852037,23.859785168013094,0.6156
-1.2130673455956082,-0.7566479085815893,-2.428717523139734,23.89437702386046,0.8067000000000001
-1.2420247435741343,-0.8452193284510862,-2.4540451153213625,23.928948137291446,0.9978000000000001
-1.8907676397919988,-0.9709786214762548,-2.4889461818261336,23.963631545873188,1.1889000000000003
-3.489060689300433,-1.1293364020965577,-2.528580362354237,23.998701192553074,1.3800000000000001
-4.892838369532323,-1.2964626923310485,-2.5625547779317954,24.03263239051775,1.6348000000000003
-5.199410292582533,-1.5649211775803153,-2.6162429611237887,24.068185788494635,1.8259000000000003
-3.9008509908470193,-1.8262362897959197,-2.679763348370623,24.10075633162838,2.0170000000000003
-2.6615803673536735,-2.0180442381532298,-2.7414639533142484,24.135336981802528,2.2718000000000003
-2.980610405688534,-2.2024498206238254,-2.8085606413327953,24.16992240034826,2.4629000000000003
-2.571834664791323,-2.3601984868494967,-2.8692003303463043,24.1934392363592,2.7177000000000002
-1.23249499691023,-2.503084335608118,-2.934525348374585,24.224149637738794,2.9088000000000003
-0.973889139521691,-2.6850850578915386,-3.048453480564612,24.258562441233256,3.0999000000000003
0.21919702695530413,-2.802466380539427,-3.1937836325301108,24.292277870383845,3.3547000000000002
0.9328846880222907,-2.822900306080826,-3.269504994582228,24.327710628559704,3.5458000000000003
1.5750779966292594,-2.791171480982066,-3.362560077030309,24.350264730348233,3.8006
2.2950324526092523,-2.662403060084264,-3.507520823408597,24.368850593306195,3.9917000000000002
2.930548709769943,-2.3467475415695014,-3.7416359186722437,24.402382678569456,4.2465
3.4766715218556388,-1.9231433443820438,-4.040748439089221,24.43592167797151,4.437600000000001
4.25865915798209,-1.558870649243953,-4.275293419030483,24.471634577977813,4.6287
5.3581526741639,-1.1861628209149713,-4.417416634847211,24.505831612658188,4.819800000000001
6.569830244895117,-0.793868352503044,-4.522415177595054,24.539420441543275,5.0109
7.801973771657554,-0.5193478498743649,-4.58681253847862,24.572337645291032,5.202
8.914289984224835,-0.360861063363762,-4.6164010521961725,24.60692640169687,5.329400000000001
9.718290714106843,-0.23882596980837834,-4.629491645813392,24.640486858771045,5.5205
10.158464470436964,-0.12213957968920211,-4.634760908098599,24.675056064853397,5.647900000000001
10.329175526471081,0.037311984132315096,-4.634959646559269,24.710905817124104,5.711600000000001
10.361165079952306,0.23954789384553074,-4.632079614750013,24.745024650510533,5.7753000000000005
9.991162436162135,0.40834576544752577,-4.627069204909742,24.780591161509268,5.7753000000000005
9.133696973351036,0.5462728463090619,-4.6178792871123235,24.814168546302557,5.7753000000000005
8.238118427249534,0.6807015600128854,-4.605114916760213,24.84974030251003,5.711600000000001
7.4969165086070255,0.7767373242390722,-4.592782482876514,24.884441592485203,5.647900000000001
6.8650674040149475,0.8349714184014413,-4.580993161871878,24.920006434553883,5.5205
6.426846056150575,0.8932109270872604,-4.566318820613119,24.955599886852056,5.3931000000000004
6.292785447991543,0.9606539833151155,-4.548225669476327,24.989982172768393,5.202
6.421474340009848,1.025225922591225,-4.528294534538862,25.023542629842566,5.0109
6.460490315513693,1.1055110533158705,-4.501748342370214,25.05826299330407,4.7561
5.987376417600101,1.2182225033787573,-4.46244522208492,25.092831245712105,4.5013000000000005
5.008387198936103,1.3602823071708334,-4.400906867264216,25.1163976727875,4.2465
3.8887476520699504,1.5324432962980672,-4.309507378774002,25.146934267022928,3.9917000000000002
2.9708180833329356,1.7098040696001624,-4.169219106627439,25.184368549170344,3.7369000000000003
2.3767909993612037,1.8932713234574947,-3.999709766988773,25.219092727329112,3.4821000000000004
2.0124295853100467,2.0329644848730184,-3.873511149242805,25.252513471115932,3.2273
1.8679058770200663,2.0850257281056286,-3.801667176660091,25.285084729505414,2.9725
1.9747913811057107,2.098141051177793,-3.7504804711392135,25.3187796546582,2.7177000000000002
2.0089088578692698,2.1071867640732043,-3.695642120463197,25.35393393993367,2.5266
1.7382230959524865,2.1209382820255622,-3.6317414652170923,25.390774321400542,2.3355
1.4213086866415183,2.1227843117624774,-3.5779617818095617,25.42536593882933,2.1444
1.170353175326981,2.106965598766253,-3.5416497923023122,25.45989342166034,1.9533000000000003
0.8774469700068299,2.0818198724072743,-3.514243372774936,25.49762072024147,1.8259000000000003
0.6114321226132292,2.052478339124761,-3.490344728465912,25.530212482628755,1.6348000000000003
0.5199780141736212,2.021581159468388,-3.4678511707029713,25.56580498125261,1.5074000000000003
0.6607650116384824,1.9909024271260927,-3.445767516426458,25.60139962564368,1.3800000000000001
0.8301867961963222,1.9613693336110833,-3.4231955377832275,25.637866166778522,1.2526000000000002
0.716728489371024,1.9328671471846672,-3.398421547074448,25.67227229455277,1.1252000000000002
0.32122043600059835,1.903946469819324,-3.3721333181011524,25.704848082895253,1.0615
-0.07190952012929307,1.8726671068576461,-3.3481600152147095,25.73943970032404,0.9978000000000001
-0.2647376344934714,1.8387119334900301,-3.3272174118651447,25.772952712100974,0.9341
-0.4028269229157464,1.802796854965413,-3.307569648861723,25.807537892228126,0.8704000000000001
-0.7094761079392014,1.7650757058603488,-3.2886084716549364,25.84311250945855,0.8067000000000001
-1.0781430659478781,1.7254808330947493,-3.270226016748185,25.875815851740853,0.743
-1.3039874077351654,1.6843547353883046,-3.252397207467737,25.911337778465295,0.6793
-1.381316778175639,1.6424916174197477,-3.235032904874684,25.933792936543497,0.6156
-1.3868397300519906,1.6008468471420876,-3.2180673068103984,25.966375400606196,0.5519000000000001
-1.3235437232586973,1.560366148813508,-3.2014923489496234,25.989659540083935,0.4882
-1.1308340612376726,1.5219961780162368,-3.1852668993122197,26.019251281490384,0.4245
-0.7981614855507916,1.486698083153673,-3.1693763439606424,26.055043574883527,0.3608
-0.4066894113833351,1.4551462793327479,-3.153836265819269,26.089637576498102,0.29710000000000003
0.038909857396067775,1.4150636071563207,-3.1312490038205496,26.126218081713755,0.29710000000000003
0.005983639152645506,1.3470950172681255,-3.0879836322833247,26.158744040573207,0.2334
-0.7446907219115975,1.2616007742429691,-3.0404086103725967,26.194415694165325,0.2334
-0.7006288667658254,1.183810064678869,-3.0019348781521056,26.227886505853757,0.16970000000000002
-0.4272174146422725,1.1251364302908797,-2.9670743645731235,26.26258827266609,0.16970000000000002
-0.23147242976891744,1.0742030671163105,-2.9254788125424986,26.298106384693266,0.16970000000000002
-0.31177487147743943,1.0141759924908065,-2.884813821779693,26.33256615664781,0.106
-0.6922237708282487,0.9525343485237491,-2.8494909554884633,26.368125276670593,0.04229999999999999
-1.1947570891078663,0.8904817047937853,-2.8205389264572194,26.40369941706386,-0.021400000000000016
-1.404652468254423,0.8203824158329852,-2.793635927161341,26.436258039268647,-0.08510000000000002
-1.8892312599876466,0.7315521550420117,-2.765053323626629,26.470929526921434,-0.08510000000000002
-1.9239706084955521,0.6344496887797716,-2.739483722160505,26.50454267450159,-0.14880000000000004
-1.1737519847919804,0.5663049949998306,-2.7201240804357156,26.53910401277083,-0.14880000000000004
-2.108080680151779,0.4984176544876639,-2.702923598622609,26.573669880993076,-0.21250000000000002
-1.4960576661766996,0.44158530857698886,-2.690171239593159,26.596025380105214,-0.21250000000000002
0.6617353533009913,0.4243510819445971,-2.678418335280275,26.627644394689764,-0.21250000000000002
3.3465192063865037,0.4901779750549081,-2.6611848819476247,26.662227905886862,-0.21250000000000002
2.4368676453149245,0.5901743229167256,-2.641258498550029,26.696810940246802,-0.21250000000000002
-0.39751216785743865,0.6168926472785418,-2.622264354423231,26.730344932858696,-0.21250000000000002
-1.5220277643176097,0.5852999887025586,-2.603279510403973,26.764057262567757,-0.21250000000000002
-2.2789734192326194,0.5276036924685742,-2.5856437372380796,26.798914001456506,-0.21250000000000002
-1.7429991548044717,0.45513962396700147,-2.567402222102285,26.83318518431498,-0.21250000000000002
-1.3221581773098157,0.4055926743345524,-2.5512112196197867,26.86877935186889,-0.21250000000000002
-1.1564865372452235,0.3714213377705528,-2.538679624014213,26.90318810224751,-0.21250000000000002
-1.844182288372318,0.32823613204960844,-2.5256136669849005,26.938729579295437,-0.21250000000000002
-2.5109478881268887,0.2587338422110904,-2.5146970817469687,26.973302600075055,-0.21250000000000002
-1.101413028256477,0.21558093322884228,-2.507191308376847,27.007007538808164,-0.21250000000000002
-0.5395289448461718,0.20166407787023602,-2.500566907093225,27.042574288225477,-0.21250000000000002
-0.2752073477642319,0.20288515415428263,-2.49313841066253,27.077022139251067,-0.21250000000000002
-0.31855979097668013,0.20934566451299005,-2.4855776077340317,27.110700851940475,-0.21250000000000002
-0.2908796072097301,0.2156784511631276,-2.4788628816231637,27.14626736293921,-0.21250000000000002
-0.16115284435282037,0.22739182436566888,-2.470712327340931,27.180832992742875,-0.21250000000000002
-0.052264747514213235,0.2442267301390059,-2.462086511771059,27.217427803073274,-0.21250000000000002
-0.033647540070710726,0.26187414050064195,-2.4541365295635686,27.2519619616245,-0.21250000000000002
-0.3896247848970513,0.2776818963881875,-2.444253882905331,27.286527114591006,-0.21250000000000002
-0.5258410763860742,0.2863683010875285,-2.433909090602387,27.321091313883198,-0.21250000000000002
-0.4439435338630175,0.2943768441355507,-2.4247334577440647,27.354642234214207,-0.21250000000000002
-0.3558194509073954,0.30866202586822034,-2.413618534945606,27.394090914936452,-0.21250000000000002
-0.4590170434920622,0.3243652590402944,-2.4019988325868566,27.42568108087293,-0.21250000000000002
-0.40025229364490356,0.3387645665664234,-2.391588571531915,27.461269287962363,-0.21250000000000002
-0.3736148632357697,0.35569526239793686,-2.380734289697062,27.493768067103797,-0.21250000000000002
-0.5464042078778137,0.37448682646823533,-2.3673664712713087,27.529326233452263,-0.21250000000000002
-1.1461269857243808,0.38282242393939714,-2.353556370152006,27.564042305379342,-0.21250000000000002
-1.8655014885915784,0.36583766327655076,-2.3399278370281715,27.600465931169946,-0.21250000000000002
-1.314461542079816,0.35101275617684524,-2.3268550258054215,27.634170631484476,-0.21250000000000002
-1.638511500106273,0.3427580259575234,-2.315956992097428,27.66826156989715,-0.21250000000000002
-1.715300496113507,0.33071397887213494,-2.3053929415192607,27.70115636229847,-0.21250000000000002
-1.5076610977675686,0.3186563988207092,-2.293327640272909,27.73586981162118,-0.21250000000000002
-1.4430242534089135,0.31292640990221116,-2.281402568001099,27.77142917006254,-0.21250000000000002
-1.4431210370270962,0.30544880366293425,-2.2718627872273087,27.80583958937121,-0.21250000000000002
-1.483044686713469,0.29543925852963393,-2.262230529005654,27.84055828390266,-0.21250000000000002
-1.503394103602933,0.26598872576463295,-2.250821121168587,27.876123602808498,-0.21250000000000002
-1.430110501556385,0.20780632343401456,-2.2388207607904365,27.910555956626446,-0.21250000000000002
-1.357018563679084,0.17336671969631834,-2.2316434436704866,27.94611984502081,-0.21250000000000002
-1.3237407598386446,0.15864607516076235,-2.2274599605300613,27.98068213696437,-0.21250000000000002
-1.3529821598907517,0.15389840540916133,-2.223856145516365,28.014381830488738,-0.21250000000000002
-1.515299457781735,0.15444143660230203,-2.219437226704032,28.049912578700607,-0.21250000000000002
-1.560492351868228,0.15544654053608395,-2.2153542748869057,28.070361682854248,-0.21250000000000002
-1.482549629111654,0.15754261550921608,-2.211260004316989,28.103072654531083,-0.21250000000000002
-1.382502179757934,0.16462382986116972,-2.2053778653589418,28.139078094133943,-0.21250000000000002
-1.4898205270424814,0.17251540910011723,-2.1992357164355774,28.174209252807238,-0.21250000000000002
-1.4905674260586086,0.17871255751760662,-2.1927698196502585,28.21061499720441,-0.21250000000000002
-1.5248523123299045,0.1854936470964851,-2.1860739051321647,28.241176386972064,-0.21250000000000002
-1.4959180521596178,0.192193416716978,-2.1801346425779458,28.275745593054417,-0.21250000000000002
-1.5298375029110571,0.19965697478717534,-2.173977694936365,28.310324335879933,-0.21250000000000002
-1.5168100252797507,0.20902845183034013,-2.1664905783866573,28.34602841439881,-0.21250000000000002
-1.514145802816964,0.2196612203791517,-2.158580788067836,28.38254597710958,-0.21250000000000002
-1.6501234154558813,0.22771378856126115,-2.1515121057945183,28.415121288614905,-0.21250000000000002
-1.7224984427644447,0.23378331422265322,-2.1442361269694175,28.449412737052604,-0.21250000000000002
-1.5868988513325923,0.24343392514112006,-2.1354966286861816,28.484006023411446,-0.21250000000000002
-1.497937882699737,0.25876795420088655,-2.126278712550379,28.518708505479516,-0.21250000000000002
-1.3180964783752638,0.27711881176556075,-2.1178749563005996,28.55241249053831,-0.21250000000000002
-1.213583587172542,0.30566054597288955,-2.1071253678431057,28.58882920219012,-0.21250000000000002
-1.4366641883602043,0.3331936756133371,-2.0953609358231113,28.623546466210094,-0.21250000000000002
-1.558765287813534,0.3474554966875387,-2.0833561838972146,28.65810899657223,-0.21250000000000002
-1.5377827754441498,0.3410388599240197,-2.0717405208065123,28.6916022196071,-0.21250000000000002
-1.4453216931390453,0.33946887200487247,-2.060832616237585,28.72609703909277,-0.21250000000000002
-1.3457177599677204,0.3612056188345128,-2.048680372323553,28.760800951672316,-0.21250000000000002
-1.3808270044855802,0.39495961412107145,-2.0346444428853823,28.796366747415313,-0.21250000000000002
-1.5349362686941046,0.4281547372164047,-2.0194949530823703,28.831947086691635,-0.21250000000000002
-1.6355476701714806,0.4546252464731017,-2.0055459488795213,28.865344227039124,-0.21250000000000002
-1.5266989528891768,0.4830770156415447,-1.990725793750795,28.900913599060807,-0.21250000000000002
-1.5260881894584803,0.5213324123094831,-1.9721763788190634,28.93525940693454,-0.21250000000000002
-1.6670392814052037,0.5594132648125215,-1.9522323524757141,28.96983719608574,-0.21250000000000002
-1.7381022176411278,0.5887428512405425,-1.933049883004062,29.004628846702392,-0.21250000000000002
-1.6904021225777477,0.611238795192513,-1.9099562380945467,29.039320123097244,-0.21250000000000002
-1.6022604305203572,0.6472511871641595,-1.8889354840817718,29.072882249101472,-0.21250000000000002
-1.6519729624794373,0.6897041045218434,-1.8676945983126252,29.10847641665538,-0.21250000000000002
-1.667721495669084,0.734389475140834,-1.8451806615383788,29.142012316615908,-0.21250000000000002
-1.4946135423242297,0.7940315004631529,-1.8169947788976148,29.175576588387347,-0.21250000000000002
-1.5405159747670008,0.8606421881082262,-1.7867775519081153,29.21008976610361,-0.21250000000000002
-1.6223738935615428,0.9195438874210374,-1.7587002380940957,29.24470498697173,-0.21250000000000002
-1.7534972513663039,0.9894070420947148,-1.723446364113724,29.280299631362798,-0.21250000000000002
-1.707377161840243,1.0635411312209964,-1.6857410981859768,29.31589284524239,-0.21250000000000002
-1.4854614087859224,1.1366384184102767,-1.6509566265336453,29.351486535959143,-0.21250000000000002
-1.1774249182905658,1.2188417525112258,-1.6095492988453943,29.38681868149462,-0.21250000000000002
-1.351091407348278,1.3049024495568236,-1.5619162792753294,29.421397901157295,-0.21250000000000002
-1.6208878874060129,1.3737475489268391,-1.5197461727398631,29.456991353455468,-0.21250000000000002
-1.6038588898485173,1.4582836539506523,-1.4662888327939636,29.49158463981431,-0.21250000000000002
-1.2610864952345668,1.5530965915941466,-1.408271138360373,29.52717880736822,-0.21250000000000002
-1.2137298981003,1.647853436092954,-1.3626780105681229,29.562772021247813,-0.21250000000000002
-1.583103007631955,1.78794019174964,-1.2990677817944378,29.598349737919765,-0.21250000000000002
-1.68697163286764,1.9297814556886141,-1.2307540868184284,29.634795298219647,-0.21250000000000002
-1.2146622399868126,2.0910348295124797,-1.1567080704279316,29.669323496306394,-0.21250000000000002
-1.0386806389811174,2.275772429931744,-1.0769445316245028,29.705864185619337,-0.21250000000000002
-1.5419379869929888,2.439585190868878,-1.0027877373821739,29.73845380223941,-0.21250000000000002
-1.9706534710091264,2.6271787012527943,-0.9091565134372528,29.773175119375228,-0.21250000000000002
-1.6936247922585936,2.8278867564036574,-0.8095308378878521,29.806663812457092,-0.21250000000000002
-1.3009228529959618,3.023926818071226,-0.7175435149238419,29.841150287292496,-0.21250000000000002
-1.184518741200401,3.24074601852144,-0.6187725812249367,29.87586731289389,-0.21250000000000002
-1.6669186666268578,3.4655665602509207,-0.5129543075715138,29.909433015176806,-0.21250000000000002
-1.8098860547210505,3.700411933508157,-0.3834249201226963,29.94399673763184,-0.21250000000000002
-1.3168035591066276,3.6923374158073647,-0.2960936436540788,29.979562533374835,-0.21250000000000002
